Sample Source	channel	Sample Source ID	mouse.id	tissue	subtissue	mouse.sex
Internal	10X_P4_3	10X_P4_3_AAAGTAGAGATGCCAG	3-M-8	Bladder		M
Internal	10X_P4_3	10X_P4_3_AACCGCGTCCAACCAA	3-M-8	Bladder		M
Internal	10X_P4_3	10X_P4_3_AACTCCCGTCGGGTCT	3-M-8	Bladder		M
Internal	10X_P4_3	10X_P4_3_AACTCTTAGTTGCAGG	3-M-8	Bladder		M
Internal	10X_P4_3	10X_P4_3_AACTCTTTCATAACCG	3-M-8	Bladder		M
Internal	10X_P4_3	10X_P4_3_AAGACCTAGATCCGAG	3-M-8	Bladder		M
Internal	10X_P4_3	10X_P4_3_AAGACCTAGGTGGGTT	3-M-8	Bladder		M
Internal	10X_P4_3	10X_P4_3_AAGGAGCGTGCAACTT	3-M-8	Bladder		M
Internal	10X_P4_3	10X_P4_3_AAGTCTGAGATAGTCA	3-M-8	Bladder		M
Internal	10X_P4_3	10X_P4_3_ACAGCTATCATACGGT	3-M-8	Bladder		M
Internal	10X_P4_3	10X_P4_3_ACATACGCAGCTCCGA	3-M-8	Bladder		M
Internal	10X_P4_3	10X_P4_3_ACCAGTACACGTCTCT	3-M-8	Bladder		M
Internal	10X_P4_3	10X_P4_3_ACGAGCCAGATAGCAT	3-M-8	Bladder		M
Internal	10X_P4_3	10X_P4_3_ACGGAGATCGGAATCT	3-M-8	Bladder		M
Internal	10X_P4_3	10X_P4_3_ACGGGCTGTCTGATCA	3-M-8	Bladder		M
Internal	10X_P4_3	10X_P4_3_ACTGAACCATCCGGGT	3-M-8	Bladder		M
Internal	10X_P4_3	10X_P4_3_ACTTTCAAGATGGGTC	3-M-8	Bladder		M
Internal	10X_P4_3	10X_P4_3_AGACGTTTCTTACCGC	3-M-8	Bladder		M
Internal	10X_P4_3	10X_P4_3_AGAGCTTTCTGTTGAG	3-M-8	Bladder		M
Internal	10X_P4_3	10X_P4_3_AGCGGTCTCTGAGTGT	3-M-8	Bladder		M
Internal	10X_P4_3	10X_P4_3_AGCTTGAAGACTAAGT	3-M-8	Bladder		M
Internal	10X_P4_3	10X_P4_3_AGGGAGTCAATCGGTT	3-M-8	Bladder		M
Internal	10X_P4_3	10X_P4_3_AGGGATGAGTCGCCGT	3-M-8	Bladder		M
Internal	10X_P4_3	10X_P4_3_AGGGTGACAGTCGTGC	3-M-8	Bladder		M
Internal	10X_P4_3	10X_P4_3_AGGTCCGAGGACACCA	3-M-8	Bladder		M
Internal	10X_P4_3	10X_P4_3_AGTCTTTAGCTAGTGG	3-M-8	Bladder		M
Internal	10X_P4_3	10X_P4_3_AGTGAGGAGTGTACTC	3-M-8	Bladder		M
Internal	10X_P4_3	10X_P4_3_AGTGAGGTCAGCATGT	3-M-8	Bladder		M
Internal	10X_P4_3	10X_P4_3_AGTGTCACAGTATCTG	3-M-8	Bladder		M
Internal	10X_P4_3	10X_P4_3_ATCACGACAACAACCT	3-M-8	Bladder		M
Internal	10X_P4_3	10X_P4_3_ATCGAGTTCTCCAGGG	3-M-8	Bladder		M
Internal	10X_P4_3	10X_P4_3_ATTATCCAGTAAGTAC	3-M-8	Bladder		M
Internal	10X_P4_3	10X_P4_3_ATTTCTGCATGTTGAC	3-M-8	Bladder		M
Internal	10X_P4_3	10X_P4_3_ATTTCTGGTCAGGACA	3-M-8	Bladder		M
Internal	10X_P4_3	10X_P4_3_CAACCAAAGACGCACA	3-M-8	Bladder		M
Internal	10X_P4_3	10X_P4_3_CACACCTAGCCCAATT	3-M-8	Bladder		M
Internal	10X_P4_3	10X_P4_3_CACACCTGTTTGACAC	3-M-8	Bladder		M
Internal	10X_P4_3	10X_P4_3_CACATAGCAGATGGCA	3-M-8	Bladder		M
Internal	10X_P4_3	10X_P4_3_CACATTTTCTGGTATG	3-M-8	Bladder		M
Internal	10X_P4_3	10X_P4_3_CACCAGGCAAGGCTCC	3-M-8	Bladder		M
Internal	10X_P4_3	10X_P4_3_CACCTTGAGGACCACA	3-M-8	Bladder		M
Internal	10X_P4_3	10X_P4_3_CACTCCACACATCCAA	3-M-8	Bladder		M
Internal	10X_P4_3	10X_P4_3_CAGAATCTCTCAAGTG	3-M-8	Bladder		M
Internal	10X_P4_3	10X_P4_3_CAGCATAAGATGGGTC	3-M-8	Bladder		M
Internal	10X_P4_3	10X_P4_3_CAGCTGGTCCTTTACA	3-M-8	Bladder		M
Internal	10X_P4_3	10X_P4_3_CATTCGCTCTCGTATT	3-M-8	Bladder		M
Internal	10X_P4_3	10X_P4_3_CCAGCGATCGCTGATA	3-M-8	Bladder		M
Internal	10X_P4_3	10X_P4_3_CCCAGTTCACATGACT	3-M-8	Bladder		M
Internal	10X_P4_3	10X_P4_3_CCGGTAGAGGCAGTCA	3-M-8	Bladder		M
Internal	10X_P4_3	10X_P4_3_CCGGTAGCAGTGGGAT	3-M-8	Bladder		M
Internal	10X_P4_3	10X_P4_3_CCGTGGAGTGAGGGTT	3-M-8	Bladder		M
Internal	10X_P4_3	10X_P4_3_CCGTTCAGTTCCCTTG	3-M-8	Bladder		M
Internal	10X_P4_3	10X_P4_3_CCTACACAGGGCATGT	3-M-8	Bladder		M
Internal	10X_P4_3	10X_P4_3_CCTTCGATCTCCGGTT	3-M-8	Bladder		M
Internal	10X_P4_3	10X_P4_3_CGAGAAGAGGACTGGT	3-M-8	Bladder		M
Internal	10X_P4_3	10X_P4_3_CGATTGATCTAACTTC	3-M-8	Bladder		M
Internal	10X_P4_3	10X_P4_3_CGGACTGTCTTGTATC	3-M-8	Bladder		M
Internal	10X_P4_3	10X_P4_3_CGGAGTCAGTACGCCC	3-M-8	Bladder		M
Internal	10X_P4_3	10X_P4_3_CGGGTCATCGTGGACC	3-M-8	Bladder		M
Internal	10X_P4_3	10X_P4_3_CGTAGGCCACGGACAA	3-M-8	Bladder		M
Internal	10X_P4_3	10X_P4_3_CGTCCATAGTCCTCCT	3-M-8	Bladder		M
Internal	10X_P4_3	10X_P4_3_CGTGAGCGTGCACTTA	3-M-8	Bladder		M
Internal	10X_P4_3	10X_P4_3_CTAGAGTGTCATATCG	3-M-8	Bladder		M
Internal	10X_P4_3	10X_P4_3_CTAGCCTAGCTGCGAA	3-M-8	Bladder		M
Internal	10X_P4_3	10X_P4_3_CTCATTAGTGAAAGAG	3-M-8	Bladder		M
Internal	10X_P4_3	10X_P4_3_CTCGAGGAGGCGCTCT	3-M-8	Bladder		M
Internal	10X_P4_3	10X_P4_3_CTCGAGGAGGGTTTCT	3-M-8	Bladder		M
Internal	10X_P4_3	10X_P4_3_CTCGTACTCAATACCG	3-M-8	Bladder		M
Internal	10X_P4_3	10X_P4_3_CTCTAATAGTGAATTG	3-M-8	Bladder		M
Internal	10X_P4_3	10X_P4_3_CTCTAATCACGGCGTT	3-M-8	Bladder		M
Internal	10X_P4_3	10X_P4_3_CTCTGGTAGTGTACCT	3-M-8	Bladder		M
Internal	10X_P4_3	10X_P4_3_CTGAAACGTAGTACCT	3-M-8	Bladder		M
Internal	10X_P4_3	10X_P4_3_CTGCCTACAGCCACCA	3-M-8	Bladder		M
Internal	10X_P4_3	10X_P4_3_CTGCGGAGTATGCTTG	3-M-8	Bladder		M
Internal	10X_P4_3	10X_P4_3_CTGCTGTTCGTTACGA	3-M-8	Bladder		M
Internal	10X_P4_3	10X_P4_3_CTGTGCTCAATGGACG	3-M-8	Bladder		M
Internal	10X_P4_3	10X_P4_3_CTTGGCTCACGAAACG	3-M-8	Bladder		M
Internal	10X_P4_3	10X_P4_3_GAAATGACAATCCAAC	3-M-8	Bladder		M
Internal	10X_P4_3	10X_P4_3_GAACATCAGTGTTAGA	3-M-8	Bladder		M
Internal	10X_P4_3	10X_P4_3_GAACCTACATTAGGCT	3-M-8	Bladder		M
Internal	10X_P4_3	10X_P4_3_GAAGCAGCACCGATAT	3-M-8	Bladder		M
Internal	10X_P4_3	10X_P4_3_GAATAAGGTCGGCATC	3-M-8	Bladder		M
Internal	10X_P4_3	10X_P4_3_GACGGCTAGTCGTTTG	3-M-8	Bladder		M
Internal	10X_P4_3	10X_P4_3_GACGTTAGTAGGCTGA	3-M-8	Bladder		M
Internal	10X_P4_3	10X_P4_3_GACGTTATCAGGTTCA	3-M-8	Bladder		M
Internal	10X_P4_3	10X_P4_3_GACTAACCATCGACGC	3-M-8	Bladder		M
Internal	10X_P4_3	10X_P4_3_GAGGTGATCCAGTATG	3-M-8	Bladder		M
Internal	10X_P4_3	10X_P4_3_GATCGCGTCACCCTCA	3-M-8	Bladder		M
Internal	10X_P4_3	10X_P4_3_GATTCAGCAGTGGAGT	3-M-8	Bladder		M
Internal	10X_P4_3	10X_P4_3_GCAAACTAGAGCCCAA	3-M-8	Bladder		M
Internal	10X_P4_3	10X_P4_3_GCATGATCATATGGTC	3-M-8	Bladder		M
Internal	10X_P4_3	10X_P4_3_GCGACCAAGGGATCTG	3-M-8	Bladder		M
Internal	10X_P4_3	10X_P4_3_GCGACCACACCAACCG	3-M-8	Bladder		M
Internal	10X_P4_3	10X_P4_3_GCGAGAACACATGGGA	3-M-8	Bladder		M
Internal	10X_P4_3	10X_P4_3_GCGAGAATCCCTCTTT	3-M-8	Bladder		M
Internal	10X_P4_3	10X_P4_3_GCTGCTTTCAAAGTAG	3-M-8	Bladder		M
Internal	10X_P4_3	10X_P4_3_GGAATAATCATTCACT	3-M-8	Bladder		M
Internal	10X_P4_3	10X_P4_3_GGACAGACATTCACTT	3-M-8	Bladder		M
Internal	10X_P4_3	10X_P4_3_GGCGTGTCATTGGGCC	3-M-8	Bladder		M
Internal	10X_P4_3	10X_P4_3_GGCTCGAAGCGTGAGT	3-M-8	Bladder		M
Internal	10X_P4_3	10X_P4_3_GGGCATCTCCGTTGTC	3-M-8	Bladder		M
Internal	10X_P4_3	10X_P4_3_GGTGCGTAGAGGTACC	3-M-8	Bladder		M
Internal	10X_P4_3	10X_P4_3_GTAACGTTCAGGCGAA	3-M-8	Bladder		M
Internal	10X_P4_3	10X_P4_3_GTAACTGCAGCATACT	3-M-8	Bladder		M
Internal	10X_P4_3	10X_P4_3_GTACGTACACACCGAC	3-M-8	Bladder		M
Internal	10X_P4_3	10X_P4_3_GTACTCCTCGCCTGTT	3-M-8	Bladder		M
Internal	10X_P4_3	10X_P4_3_GTAGTCAAGACGACGT	3-M-8	Bladder		M
Internal	10X_P4_3	10X_P4_3_GTATCTTGTAGAGGAA	3-M-8	Bladder		M
Internal	10X_P4_3	10X_P4_3_GTATCTTTCGCCATAA	3-M-8	Bladder		M
Internal	10X_P4_3	10X_P4_3_GTCACAATCACTTCAT	3-M-8	Bladder		M
Internal	10X_P4_3	10X_P4_3_GTCACAATCTACTCAT	3-M-8	Bladder		M
Internal	10X_P4_3	10X_P4_3_GTCATTTGTCTTGCGG	3-M-8	Bladder		M
Internal	10X_P4_3	10X_P4_3_GTCGGGTAGGCCGAAT	3-M-8	Bladder		M
Internal	10X_P4_3	10X_P4_3_GTCTCGTCAAACTGTC	3-M-8	Bladder		M
Internal	10X_P4_3	10X_P4_3_GTGCAGCGTGGTACAG	3-M-8	Bladder		M
Internal	10X_P4_3	10X_P4_3_GTGCAGCTCAGTTAGC	3-M-8	Bladder		M
Internal	10X_P4_3	10X_P4_3_GTGGGTCAGATGTGGC	3-M-8	Bladder		M
Internal	10X_P4_3	10X_P4_3_GTGTGCGTCAGTTCGA	3-M-8	Bladder		M
Internal	10X_P4_3	10X_P4_3_GTTAAGCCACCAGGTC	3-M-8	Bladder		M
Internal	10X_P4_3	10X_P4_3_GTTCTCGGTGCTTCTC	3-M-8	Bladder		M
Internal	10X_P4_3	10X_P4_3_GTTTCTAAGGACTGGT	3-M-8	Bladder		M
Internal	10X_P4_3	10X_P4_3_TAAGAGAAGCTATGCT	3-M-8	Bladder		M
Internal	10X_P4_3	10X_P4_3_TAAGCGTAGAAACCGC	3-M-8	Bladder		M
Internal	10X_P4_3	10X_P4_3_TACGGATAGGTACTCT	3-M-8	Bladder		M
Internal	10X_P4_3	10X_P4_3_TACTTGTGTGTTCTTT	3-M-8	Bladder		M
Internal	10X_P4_3	10X_P4_3_TAGCCGGAGGACTGGT	3-M-8	Bladder		M
Internal	10X_P4_3	10X_P4_3_TAGGCATTCTATCCTA	3-M-8	Bladder		M
Internal	10X_P4_3	10X_P4_3_TCAACGACAATGGTCT	3-M-8	Bladder		M
Internal	10X_P4_3	10X_P4_3_TCCACACCAGCTGCTG	3-M-8	Bladder		M
Internal	10X_P4_3	10X_P4_3_TCTTCGGGTTTAGGAA	3-M-8	Bladder		M
Internal	10X_P4_3	10X_P4_3_TCTTTCCTCCGCATAA	3-M-8	Bladder		M
Internal	10X_P4_3	10X_P4_3_TGAGAGGAGACATAAC	3-M-8	Bladder		M
Internal	10X_P4_3	10X_P4_3_TGAGAGGAGCGATATA	3-M-8	Bladder		M
Internal	10X_P4_3	10X_P4_3_TGAGCATAGTGGAGTC	3-M-8	Bladder		M
Internal	10X_P4_3	10X_P4_3_TGCGGGTTCTTTACGT	3-M-8	Bladder		M
Internal	10X_P4_3	10X_P4_3_TGGACGCTCCGATATG	3-M-8	Bladder		M
Internal	10X_P4_3	10X_P4_3_TGGACGCTCTGCAGTA	3-M-8	Bladder		M
Internal	10X_P4_3	10X_P4_3_TGGCTGGGTCGCTTCT	3-M-8	Bladder		M
Internal	10X_P4_3	10X_P4_3_TGGGAAGAGTAGGCCA	3-M-8	Bladder		M
Internal	10X_P4_3	10X_P4_3_TTCTACAAGGCAGTCA	3-M-8	Bladder		M
Internal	10X_P4_3	10X_P4_3_TTGAACGTCTCTTATG	3-M-8	Bladder		M
Internal	10X_P4_3	10X_P4_3_TTGCCGTCACGCCAGT	3-M-8	Bladder		M
Internal	10X_P4_3	10X_P4_3_TTGGAACGTTAGGGTG	3-M-8	Bladder		M
Internal	10X_P4_3	10X_P4_3_TTGGCAACATGATCCA	3-M-8	Bladder		M
Internal	10X_P4_3	10X_P4_3_TTGGCAAGTCCGTTAA	3-M-8	Bladder		M
Internal	10X_P4_3	10X_P4_3_TTGTAGGCATCCGGGT	3-M-8	Bladder		M
Internal	10X_P4_3	10X_P4_3_TTTACTGCACACGCTG	3-M-8	Bladder		M
Internal	10X_P4_3	10X_P4_3_TTTACTGCAGGACGTA	3-M-8	Bladder		M
Internal	10X_P4_3	10X_P4_3_TTTGTCAGTTGCGTTA	3-M-8	Bladder		M
Internal	10X_P4_4	10X_P4_4_AAACCTGCAGACAAGC	3-M-9	Bladder		M
Internal	10X_P4_4	10X_P4_4_AAACGGGAGATCCCAT	3-M-9	Bladder		M
Internal	10X_P4_4	10X_P4_4_AAACGGGCAGTACACT	3-M-9	Bladder		M
Internal	10X_P4_4	10X_P4_4_AAACGGGGTTGGACCC	3-M-9	Bladder		M
Internal	10X_P4_4	10X_P4_4_AAACGGGTCGCGATCG	3-M-9	Bladder		M
Internal	10X_P4_4	10X_P4_4_AAACGGGTCTCGTATT	3-M-9	Bladder		M
Internal	10X_P4_4	10X_P4_4_AAACGGGTCTTAGCCC	3-M-9	Bladder		M
Internal	10X_P4_4	10X_P4_4_AAAGATGAGACAATAC	3-M-9	Bladder		M
Internal	10X_P4_4	10X_P4_4_AAAGATGCAAGTAGTA	3-M-9	Bladder		M
Internal	10X_P4_4	10X_P4_4_AAAGATGCACAAGACG	3-M-9	Bladder		M
Internal	10X_P4_4	10X_P4_4_AAAGATGGTCAAAGCG	3-M-9	Bladder		M
Internal	10X_P4_4	10X_P4_4_AAAGATGGTCCGTCAG	3-M-9	Bladder		M
Internal	10X_P4_4	10X_P4_4_AAAGATGTCACTATTC	3-M-9	Bladder		M
Internal	10X_P4_4	10X_P4_4_AAAGATGTCCACGTGG	3-M-9	Bladder		M
Internal	10X_P4_4	10X_P4_4_AAAGTAGCACAGACAG	3-M-9	Bladder		M
Internal	10X_P4_4	10X_P4_4_AAAGTAGCACAGCCCA	3-M-9	Bladder		M
Internal	10X_P4_4	10X_P4_4_AAAGTAGGTACCCAAT	3-M-9	Bladder		M
Internal	10X_P4_4	10X_P4_4_AAAGTAGTCATCGGAT	3-M-9	Bladder		M
Internal	10X_P4_4	10X_P4_4_AAAGTAGTCGGTCTAA	3-M-9	Bladder		M
Internal	10X_P4_4	10X_P4_4_AAATGCCAGCTCAACT	3-M-9	Bladder		M
Internal	10X_P4_4	10X_P4_4_AAATGCCAGGATATAC	3-M-9	Bladder		M
Internal	10X_P4_4	10X_P4_4_AAATGCCTCTGTCAAG	3-M-9	Bladder		M
Internal	10X_P4_4	10X_P4_4_AACACGTAGAGAACAG	3-M-9	Bladder		M
Internal	10X_P4_4	10X_P4_4_AACACGTGTACCTACA	3-M-9	Bladder		M
Internal	10X_P4_4	10X_P4_4_AACACGTGTGAAGGCT	3-M-9	Bladder		M
Internal	10X_P4_4	10X_P4_4_AACACGTGTTTGACTG	3-M-9	Bladder		M
Internal	10X_P4_4	10X_P4_4_AACACGTTCCAATGGT	3-M-9	Bladder		M
Internal	10X_P4_4	10X_P4_4_AACACGTTCTTAACCT	3-M-9	Bladder		M
Internal	10X_P4_4	10X_P4_4_AACCATGAGCATGGCA	3-M-9	Bladder		M
Internal	10X_P4_4	10X_P4_4_AACCATGGTATTCGTG	3-M-9	Bladder		M
Internal	10X_P4_4	10X_P4_4_AACCGCGCACAGCGTC	3-M-9	Bladder		M
Internal	10X_P4_4	10X_P4_4_AACCGCGCACCAGTTA	3-M-9	Bladder		M
Internal	10X_P4_4	10X_P4_4_AACCGCGGTCCGTGAC	3-M-9	Bladder		M
Internal	10X_P4_4	10X_P4_4_AACCGCGGTGATGCCC	3-M-9	Bladder		M
Internal	10X_P4_4	10X_P4_4_AACCGCGGTGTCGCTG	3-M-9	Bladder		M
Internal	10X_P4_4	10X_P4_4_AACGTTGAGAACTCGG	3-M-9	Bladder		M
Internal	10X_P4_4	10X_P4_4_AACGTTGAGGGTCTCC	3-M-9	Bladder		M
Internal	10X_P4_4	10X_P4_4_AACGTTGCACACATGT	3-M-9	Bladder		M
Internal	10X_P4_4	10X_P4_4_AACGTTGCACTGCCAG	3-M-9	Bladder		M
Internal	10X_P4_4	10X_P4_4_AACGTTGCAGGACGTA	3-M-9	Bladder		M
Internal	10X_P4_4	10X_P4_4_AACGTTGCATGATCCA	3-M-9	Bladder		M
Internal	10X_P4_4	10X_P4_4_AACGTTGGTGTGACGA	3-M-9	Bladder		M
Internal	10X_P4_4	10X_P4_4_AACTCAGAGATTACCC	3-M-9	Bladder		M
Internal	10X_P4_4	10X_P4_4_AACTCAGAGCTATGCT	3-M-9	Bladder		M
Internal	10X_P4_4	10X_P4_4_AACTCAGCAACAACCT	3-M-9	Bladder		M
Internal	10X_P4_4	10X_P4_4_AACTCAGGTCCCGACA	3-M-9	Bladder		M
Internal	10X_P4_4	10X_P4_4_AACTCAGTCACAATGC	3-M-9	Bladder		M
Internal	10X_P4_4	10X_P4_4_AACTCCCCATGTAAGA	3-M-9	Bladder		M
Internal	10X_P4_4	10X_P4_4_AACTCCCGTTATTCTC	3-M-9	Bladder		M
Internal	10X_P4_4	10X_P4_4_AACTCTTAGACAGGCT	3-M-9	Bladder		M
Internal	10X_P4_4	10X_P4_4_AACTCTTAGAGGTAGA	3-M-9	Bladder		M
Internal	10X_P4_4	10X_P4_4_AACTCTTCATGTTGAC	3-M-9	Bladder		M
Internal	10X_P4_4	10X_P4_4_AACTCTTGTAATCGTC	3-M-9	Bladder		M
Internal	10X_P4_4	10X_P4_4_AACTCTTTCCGCAGTG	3-M-9	Bladder		M
Internal	10X_P4_4	10X_P4_4_AACTCTTTCGTTTATC	3-M-9	Bladder		M
Internal	10X_P4_4	10X_P4_4_AACTGGTAGTCAAGCG	3-M-9	Bladder		M
Internal	10X_P4_4	10X_P4_4_AACTGGTCAAGCCGTC	3-M-9	Bladder		M
Internal	10X_P4_4	10X_P4_4_AACTTTCAGACAAAGG	3-M-9	Bladder		M
Internal	10X_P4_4	10X_P4_4_AACTTTCCAATCTGCA	3-M-9	Bladder		M
Internal	10X_P4_4	10X_P4_4_AACTTTCCAGCGTAAG	3-M-9	Bladder		M
Internal	10X_P4_4	10X_P4_4_AACTTTCGTACACCGC	3-M-9	Bladder		M
Internal	10X_P4_4	10X_P4_4_AAGACCTAGAGCTGCA	3-M-9	Bladder		M
Internal	10X_P4_4	10X_P4_4_AAGACCTAGGGTGTGT	3-M-9	Bladder		M
Internal	10X_P4_4	10X_P4_4_AAGACCTCAACTGCTA	3-M-9	Bladder		M
Internal	10X_P4_4	10X_P4_4_AAGACCTCAAGTCATC	3-M-9	Bladder		M
Internal	10X_P4_4	10X_P4_4_AAGACCTTCGAGCCCA	3-M-9	Bladder		M
Internal	10X_P4_4	10X_P4_4_AAGCCGCCATAGGATA	3-M-9	Bladder		M
Internal	10X_P4_4	10X_P4_4_AAGCCGCGTTTAGGAA	3-M-9	Bladder		M
Internal	10X_P4_4	10X_P4_4_AAGCCGCTCAACCATG	3-M-9	Bladder		M
Internal	10X_P4_4	10X_P4_4_AAGCCGCTCTCCCTGA	3-M-9	Bladder		M
Internal	10X_P4_4	10X_P4_4_AAGGAGCCATCTGGTA	3-M-9	Bladder		M
Internal	10X_P4_4	10X_P4_4_AAGGAGCTCGCATGGC	3-M-9	Bladder		M
Internal	10X_P4_4	10X_P4_4_AAGGAGCTCTTCTGGC	3-M-9	Bladder		M
Internal	10X_P4_4	10X_P4_4_AAGGCAGCAGTATAAG	3-M-9	Bladder		M
Internal	10X_P4_4	10X_P4_4_AAGGCAGGTCGACTGC	3-M-9	Bladder		M
Internal	10X_P4_4	10X_P4_4_AAGGCAGGTGCCTGTG	3-M-9	Bladder		M
Internal	10X_P4_4	10X_P4_4_AAGGCAGTCACTTACT	3-M-9	Bladder		M
Internal	10X_P4_4	10X_P4_4_AAGGCAGTCGAATCCA	3-M-9	Bladder		M
Internal	10X_P4_4	10X_P4_4_AAGGCAGTCGCTTAGA	3-M-9	Bladder		M
Internal	10X_P4_4	10X_P4_4_AAGGTTCAGACTTTCG	3-M-9	Bladder		M
Internal	10X_P4_4	10X_P4_4_AAGGTTCCACATCCAA	3-M-9	Bladder		M
Internal	10X_P4_4	10X_P4_4_AAGGTTCGTACAGCAG	3-M-9	Bladder		M
Internal	10X_P4_4	10X_P4_4_AAGGTTCGTAGCCTAT	3-M-9	Bladder		M
Internal	10X_P4_4	10X_P4_4_AAGGTTCGTTCGTTGA	3-M-9	Bladder		M
Internal	10X_P4_4	10X_P4_4_AAGGTTCTCAACGGGA	3-M-9	Bladder		M
Internal	10X_P4_4	10X_P4_4_AAGGTTCTCGCGTAGC	3-M-9	Bladder		M
Internal	10X_P4_4	10X_P4_4_AAGTCTGAGAGTCGGT	3-M-9	Bladder		M
Internal	10X_P4_4	10X_P4_4_AAGTCTGAGGTAAACT	3-M-9	Bladder		M
Internal	10X_P4_4	10X_P4_4_AAGTCTGGTACCTACA	3-M-9	Bladder		M
Internal	10X_P4_4	10X_P4_4_AAGTCTGGTCTGCAAT	3-M-9	Bladder		M
Internal	10X_P4_4	10X_P4_4_AAGTCTGTCTGTCTCG	3-M-9	Bladder		M
Internal	10X_P4_4	10X_P4_4_AATCCAGTCACCCGAG	3-M-9	Bladder		M
Internal	10X_P4_4	10X_P4_4_AATCCAGTCGGAGCAA	3-M-9	Bladder		M
Internal	10X_P4_4	10X_P4_4_AATCGGTAGGGTCGAT	3-M-9	Bladder		M
Internal	10X_P4_4	10X_P4_4_AATCGGTAGGTGACCA	3-M-9	Bladder		M
Internal	10X_P4_4	10X_P4_4_AATCGGTCATACGCCG	3-M-9	Bladder		M
Internal	10X_P4_4	10X_P4_4_ACACCAAAGAGATGAG	3-M-9	Bladder		M
Internal	10X_P4_4	10X_P4_4_ACACCAACATCCTAGA	3-M-9	Bladder		M
Internal	10X_P4_4	10X_P4_4_ACACCAACATCGATTG	3-M-9	Bladder		M
Internal	10X_P4_4	10X_P4_4_ACACCAATCATAAAGG	3-M-9	Bladder		M
Internal	10X_P4_4	10X_P4_4_ACACCAATCGTAGATC	3-M-9	Bladder		M
Internal	10X_P4_4	10X_P4_4_ACACCAATCTGTACGA	3-M-9	Bladder		M
Internal	10X_P4_4	10X_P4_4_ACACCCTAGCCAGTAG	3-M-9	Bladder		M
Internal	10X_P4_4	10X_P4_4_ACACCCTAGGCATGGT	3-M-9	Bladder		M
Internal	10X_P4_4	10X_P4_4_ACACCCTAGGTGTGGT	3-M-9	Bladder		M
Internal	10X_P4_4	10X_P4_4_ACACCCTAGTTAACGA	3-M-9	Bladder		M
Internal	10X_P4_4	10X_P4_4_ACACCCTGTCATATCG	3-M-9	Bladder		M
Internal	10X_P4_4	10X_P4_4_ACACCCTGTCGTGGCT	3-M-9	Bladder		M
Internal	10X_P4_4	10X_P4_4_ACACCGGAGTTATCGC	3-M-9	Bladder		M
Internal	10X_P4_4	10X_P4_4_ACACCGGCAAGCGCTC	3-M-9	Bladder		M
Internal	10X_P4_4	10X_P4_4_ACACCGGCACGCTTTC	3-M-9	Bladder		M
Internal	10X_P4_4	10X_P4_4_ACACCGGCATATACCG	3-M-9	Bladder		M
Internal	10X_P4_4	10X_P4_4_ACACTGAAGCGCCTCA	3-M-9	Bladder		M
Internal	10X_P4_4	10X_P4_4_ACACTGAAGCGGCTTC	3-M-9	Bladder		M
Internal	10X_P4_4	10X_P4_4_ACACTGAAGCGTTCCG	3-M-9	Bladder		M
Internal	10X_P4_4	10X_P4_4_ACACTGAAGGTGATAT	3-M-9	Bladder		M
Internal	10X_P4_4	10X_P4_4_ACACTGAGTCCATCCT	3-M-9	Bladder		M
Internal	10X_P4_4	10X_P4_4_ACACTGAGTGCACGAA	3-M-9	Bladder		M
Internal	10X_P4_4	10X_P4_4_ACACTGATCGACAGCC	3-M-9	Bladder		M
Internal	10X_P4_4	10X_P4_4_ACAGCCGCAAAGGAAG	3-M-9	Bladder		M
Internal	10X_P4_4	10X_P4_4_ACAGCCGCACTAAGTC	3-M-9	Bladder		M
Internal	10X_P4_4	10X_P4_4_ACAGCCGCAGATGAGC	3-M-9	Bladder		M
Internal	10X_P4_4	10X_P4_4_ACAGCCGCATCACCCT	3-M-9	Bladder		M
Internal	10X_P4_4	10X_P4_4_ACAGCCGGTATCACCA	3-M-9	Bladder		M
Internal	10X_P4_4	10X_P4_4_ACAGCCGGTCGAGATG	3-M-9	Bladder		M
Internal	10X_P4_4	10X_P4_4_ACAGCCGGTTTAGGAA	3-M-9	Bladder		M
Internal	10X_P4_4	10X_P4_4_ACAGCCGTCGGAGCAA	3-M-9	Bladder		M
Internal	10X_P4_4	10X_P4_4_ACAGCTAAGATGTAAC	3-M-9	Bladder		M
Internal	10X_P4_4	10X_P4_4_ACAGCTAAGCGACGTA	3-M-9	Bladder		M
Internal	10X_P4_4	10X_P4_4_ACAGCTAAGCGTGTCC	3-M-9	Bladder		M
Internal	10X_P4_4	10X_P4_4_ACAGCTAAGCTGATAA	3-M-9	Bladder		M
Internal	10X_P4_4	10X_P4_4_ACAGCTACAGCGTCCA	3-M-9	Bladder		M
Internal	10X_P4_4	10X_P4_4_ACAGCTATCTGATTCT	3-M-9	Bladder		M
Internal	10X_P4_4	10X_P4_4_ACATACGCACGAGGTA	3-M-9	Bladder		M
Internal	10X_P4_4	10X_P4_4_ACATACGCAGACAGGT	3-M-9	Bladder		M
Internal	10X_P4_4	10X_P4_4_ACATCAGAGCTGCGAA	3-M-9	Bladder		M
Internal	10X_P4_4	10X_P4_4_ACATCAGTCGATGAGG	3-M-9	Bladder		M
Internal	10X_P4_4	10X_P4_4_ACATCAGTCTGATTCT	3-M-9	Bladder		M
Internal	10X_P4_4	10X_P4_4_ACATGGTAGTTACCCA	3-M-9	Bladder		M
Internal	10X_P4_4	10X_P4_4_ACATGGTCAATCAGAA	3-M-9	Bladder		M
Internal	10X_P4_4	10X_P4_4_ACATGGTCACGCTTTC	3-M-9	Bladder		M
Internal	10X_P4_4	10X_P4_4_ACATGGTCAGTATGCT	3-M-9	Bladder		M
Internal	10X_P4_4	10X_P4_4_ACATGGTGTAGTACCT	3-M-9	Bladder		M
Internal	10X_P4_4	10X_P4_4_ACATGGTGTATTCTCT	3-M-9	Bladder		M
Internal	10X_P4_4	10X_P4_4_ACATGGTTCTAAGCCA	3-M-9	Bladder		M
Internal	10X_P4_4	10X_P4_4_ACCAGTAAGCGATTCT	3-M-9	Bladder		M
Internal	10X_P4_4	10X_P4_4_ACCAGTAAGCTACCTA	3-M-9	Bladder		M
Internal	10X_P4_4	10X_P4_4_ACCAGTACACCACCAG	3-M-9	Bladder		M
Internal	10X_P4_4	10X_P4_4_ACCAGTACAGCTCCGA	3-M-9	Bladder		M
Internal	10X_P4_4	10X_P4_4_ACCAGTAGTATAGGGC	3-M-9	Bladder		M
Internal	10X_P4_4	10X_P4_4_ACCAGTAGTCCCGACA	3-M-9	Bladder		M
Internal	10X_P4_4	10X_P4_4_ACCAGTATCCAAAGTC	3-M-9	Bladder		M
Internal	10X_P4_4	10X_P4_4_ACCAGTATCGTTTATC	3-M-9	Bladder		M
Internal	10X_P4_4	10X_P4_4_ACCAGTATCTCACATT	3-M-9	Bladder		M
Internal	10X_P4_4	10X_P4_4_ACCAGTATCTCTTATG	3-M-9	Bladder		M
Internal	10X_P4_4	10X_P4_4_ACCCACTGTACGACCC	3-M-9	Bladder		M
Internal	10X_P4_4	10X_P4_4_ACCGTAAAGCCAGGAT	3-M-9	Bladder		M
Internal	10X_P4_4	10X_P4_4_ACCGTAAAGCCGCCTA	3-M-9	Bladder		M
Internal	10X_P4_4	10X_P4_4_ACCGTAATCTGCCAGG	3-M-9	Bladder		M
Internal	10X_P4_4	10X_P4_4_ACCTTTAAGTTCGCAT	3-M-9	Bladder		M
Internal	10X_P4_4	10X_P4_4_ACCTTTACAATGTTGC	3-M-9	Bladder		M
Internal	10X_P4_4	10X_P4_4_ACCTTTATCCGCAGTG	3-M-9	Bladder		M
Internal	10X_P4_4	10X_P4_4_ACCTTTATCTGTCTAT	3-M-9	Bladder		M
Internal	10X_P4_4	10X_P4_4_ACGAGCCAGACTAGAT	3-M-9	Bladder		M
Internal	10X_P4_4	10X_P4_4_ACGAGCCGTATTCTCT	3-M-9	Bladder		M
Internal	10X_P4_4	10X_P4_4_ACGAGCCGTCTGGAGA	3-M-9	Bladder		M
Internal	10X_P4_4	10X_P4_4_ACGAGCCTCCACTCCA	3-M-9	Bladder		M
Internal	10X_P4_4	10X_P4_4_ACGAGGAAGCCCTAAT	3-M-9	Bladder		M
Internal	10X_P4_4	10X_P4_4_ACGAGGAAGCTGCGAA	3-M-9	Bladder		M
Internal	10X_P4_4	10X_P4_4_ACGAGGACACGCTTTC	3-M-9	Bladder		M
Internal	10X_P4_4	10X_P4_4_ACGAGGACAGCTGCTG	3-M-9	Bladder		M
Internal	10X_P4_4	10X_P4_4_ACGAGGACATGCCACG	3-M-9	Bladder		M
Internal	10X_P4_4	10X_P4_4_ACGAGGAGTATTCTCT	3-M-9	Bladder		M
Internal	10X_P4_4	10X_P4_4_ACGATACCAGGAATGC	3-M-9	Bladder		M
Internal	10X_P4_4	10X_P4_4_ACGATGTCACGAGGTA	3-M-9	Bladder		M
Internal	10X_P4_4	10X_P4_4_ACGATGTCATACTACG	3-M-9	Bladder		M
Internal	10X_P4_4	10X_P4_4_ACGCAGCAGCCTATGT	3-M-9	Bladder		M
Internal	10X_P4_4	10X_P4_4_ACGCAGCAGCTAACTC	3-M-9	Bladder		M
Internal	10X_P4_4	10X_P4_4_ACGCAGCAGTGGACGT	3-M-9	Bladder		M
Internal	10X_P4_4	10X_P4_4_ACGCAGCGTAGCCTAT	3-M-9	Bladder		M
Internal	10X_P4_4	10X_P4_4_ACGCCAGAGGATGCGT	3-M-9	Bladder		M
Internal	10X_P4_4	10X_P4_4_ACGCCAGCAGGACCCT	3-M-9	Bladder		M
Internal	10X_P4_4	10X_P4_4_ACGCCAGCATGAACCT	3-M-9	Bladder		M
Internal	10X_P4_4	10X_P4_4_ACGCCAGGTCACACGC	3-M-9	Bladder		M
Internal	10X_P4_4	10X_P4_4_ACGCCAGTCTTTAGGG	3-M-9	Bladder		M
Internal	10X_P4_4	10X_P4_4_ACGCCGAAGAACAATC	3-M-9	Bladder		M
Internal	10X_P4_4	10X_P4_4_ACGCCGAAGAGACTTA	3-M-9	Bladder		M
Internal	10X_P4_4	10X_P4_4_ACGCCGAAGATAGCAT	3-M-9	Bladder		M
Internal	10X_P4_4	10X_P4_4_ACGCCGAAGGGATCTG	3-M-9	Bladder		M
Internal	10X_P4_4	10X_P4_4_ACGCCGACACAACGTT	3-M-9	Bladder		M
Internal	10X_P4_4	10X_P4_4_ACGCCGAGTCTCCATC	3-M-9	Bladder		M
Internal	10X_P4_4	10X_P4_4_ACGCCGAGTTGGTAAA	3-M-9	Bladder		M
Internal	10X_P4_4	10X_P4_4_ACGCCGATCAACACCA	3-M-9	Bladder		M
Internal	10X_P4_4	10X_P4_4_ACGCCGATCCAAGCCG	3-M-9	Bladder		M
Internal	10X_P4_4	10X_P4_4_ACGGAGAAGCCACGCT	3-M-9	Bladder		M
Internal	10X_P4_4	10X_P4_4_ACGGAGAAGCGCTTAT	3-M-9	Bladder		M
Internal	10X_P4_4	10X_P4_4_ACGGAGAAGTGTCTCA	3-M-9	Bladder		M
Internal	10X_P4_4	10X_P4_4_ACGGAGACATCTACGA	3-M-9	Bladder		M
Internal	10X_P4_4	10X_P4_4_ACGGCCAAGGTAAACT	3-M-9	Bladder		M
Internal	10X_P4_4	10X_P4_4_ACGGCCACACAAGTAA	3-M-9	Bladder		M
Internal	10X_P4_4	10X_P4_4_ACGGCCACATCTGGTA	3-M-9	Bladder		M
Internal	10X_P4_4	10X_P4_4_ACGGCCATCTGTGCAA	3-M-9	Bladder		M
Internal	10X_P4_4	10X_P4_4_ACGGGCTCAATGGATA	3-M-9	Bladder		M
Internal	10X_P4_4	10X_P4_4_ACGTCAAAGGGTATCG	3-M-9	Bladder		M
Internal	10X_P4_4	10X_P4_4_ACGTCAACAATGAATG	3-M-9	Bladder		M
Internal	10X_P4_4	10X_P4_4_ACGTCAACACCCATGG	3-M-9	Bladder		M
Internal	10X_P4_4	10X_P4_4_ACGTCAAGTGCAACTT	3-M-9	Bladder		M
Internal	10X_P4_4	10X_P4_4_ACGTCAAGTTGAGGTG	3-M-9	Bladder		M
Internal	10X_P4_4	10X_P4_4_ACTATCTCAATACGCT	3-M-9	Bladder		M
Internal	10X_P4_4	10X_P4_4_ACTATCTCAGCCTTTC	3-M-9	Bladder		M
Internal	10X_P4_4	10X_P4_4_ACTATCTTCACCTCGT	3-M-9	Bladder		M
Internal	10X_P4_4	10X_P4_4_ACTATCTTCACTTATC	3-M-9	Bladder		M
Internal	10X_P4_4	10X_P4_4_ACTATCTTCCGAATGT	3-M-9	Bladder		M
Internal	10X_P4_4	10X_P4_4_ACTATCTTCGTAGATC	3-M-9	Bladder		M
Internal	10X_P4_4	10X_P4_4_ACTATCTTCTCTGAGA	3-M-9	Bladder		M
Internal	10X_P4_4	10X_P4_4_ACTGAACCAAGTACCT	3-M-9	Bladder		M
Internal	10X_P4_4	10X_P4_4_ACTGAACCACCTTGTC	3-M-9	Bladder		M
Internal	10X_P4_4	10X_P4_4_ACTGAACCACGAAGCA	3-M-9	Bladder		M
Internal	10X_P4_4	10X_P4_4_ACTGAACTCGAATCCA	3-M-9	Bladder		M
Internal	10X_P4_4	10X_P4_4_ACTGAGTGTTGCGTTA	3-M-9	Bladder		M
Internal	10X_P4_4	10X_P4_4_ACTGAGTTCATCGATG	3-M-9	Bladder		M
Internal	10X_P4_4	10X_P4_4_ACTGATGCATTAGCCA	3-M-9	Bladder		M
Internal	10X_P4_4	10X_P4_4_ACTGATGGTATTCGTG	3-M-9	Bladder		M
Internal	10X_P4_4	10X_P4_4_ACTGATGGTCGCATCG	3-M-9	Bladder		M
Internal	10X_P4_4	10X_P4_4_ACTGATGGTGACTCAT	3-M-9	Bladder		M
Internal	10X_P4_4	10X_P4_4_ACTGATGTCAACACGT	3-M-9	Bladder		M
Internal	10X_P4_4	10X_P4_4_ACTGCTCAGGTGCTTT	3-M-9	Bladder		M
Internal	10X_P4_4	10X_P4_4_ACTGCTCAGTATCGAA	3-M-9	Bladder		M
Internal	10X_P4_4	10X_P4_4_ACTGCTCCACATCCAA	3-M-9	Bladder		M
Internal	10X_P4_4	10X_P4_4_ACTGTCCAGGGTCTCC	3-M-9	Bladder		M
Internal	10X_P4_4	10X_P4_4_ACTGTCCCATTCACTT	3-M-9	Bladder		M
Internal	10X_P4_4	10X_P4_4_ACTGTCCTCTTCGAGA	3-M-9	Bladder		M
Internal	10X_P4_4	10X_P4_4_ACTTACTAGCAGATCG	3-M-9	Bladder		M
Internal	10X_P4_4	10X_P4_4_ACTTACTAGTTATCGC	3-M-9	Bladder		M
Internal	10X_P4_4	10X_P4_4_ACTTACTCAAGCCTAT	3-M-9	Bladder		M
Internal	10X_P4_4	10X_P4_4_ACTTACTCATCTATGG	3-M-9	Bladder		M
Internal	10X_P4_4	10X_P4_4_ACTTGTTCAATGAAAC	3-M-9	Bladder		M
Internal	10X_P4_4	10X_P4_4_ACTTGTTCAGAAGCAC	3-M-9	Bladder		M
Internal	10X_P4_4	10X_P4_4_ACTTGTTTCCCTTGTG	3-M-9	Bladder		M
Internal	10X_P4_4	10X_P4_4_ACTTTCAAGGAGTTGC	3-M-9	Bladder		M
Internal	10X_P4_4	10X_P4_4_AGAATAGCAGCATACT	3-M-9	Bladder		M
Internal	10X_P4_4	10X_P4_4_AGAATAGCAGCCAGAA	3-M-9	Bladder		M
Internal	10X_P4_4	10X_P4_4_AGAATAGTCCTATGTT	3-M-9	Bladder		M
Internal	10X_P4_4	10X_P4_4_AGACGTTAGTGTCCAT	3-M-9	Bladder		M
Internal	10X_P4_4	10X_P4_4_AGACGTTCAGACACTT	3-M-9	Bladder		M
Internal	10X_P4_4	10X_P4_4_AGACGTTTCACAATGC	3-M-9	Bladder		M
Internal	10X_P4_4	10X_P4_4_AGACGTTTCCGAAGAG	3-M-9	Bladder		M
Internal	10X_P4_4	10X_P4_4_AGAGCGAAGTCAAGGC	3-M-9	Bladder		M
Internal	10X_P4_4	10X_P4_4_AGAGCGAGTACAGTTC	3-M-9	Bladder		M
Internal	10X_P4_4	10X_P4_4_AGAGCGAGTTCCGTCT	3-M-9	Bladder		M
Internal	10X_P4_4	10X_P4_4_AGAGCGATCTGGAGCC	3-M-9	Bladder		M
Internal	10X_P4_4	10X_P4_4_AGAGCTTAGCGCTTAT	3-M-9	Bladder		M
Internal	10X_P4_4	10X_P4_4_AGAGCTTAGTGTCTCA	3-M-9	Bladder		M
Internal	10X_P4_4	10X_P4_4_AGAGCTTCACGACGAA	3-M-9	Bladder		M
Internal	10X_P4_4	10X_P4_4_AGAGCTTGTGGACGAT	3-M-9	Bladder		M
Internal	10X_P4_4	10X_P4_4_AGAGTGGAGGTGTGGT	3-M-9	Bladder		M
Internal	10X_P4_4	10X_P4_4_AGAGTGGAGTTAAGTG	3-M-9	Bladder		M
Internal	10X_P4_4	10X_P4_4_AGAGTGGTCTCGGACG	3-M-9	Bladder		M
Internal	10X_P4_4	10X_P4_4_AGATCTGCATGAAGTA	3-M-9	Bladder		M
Internal	10X_P4_4	10X_P4_4_AGATCTGCATGCCTTC	3-M-9	Bladder		M
Internal	10X_P4_4	10X_P4_4_AGATTGCCATTCTCAT	3-M-9	Bladder		M
Internal	10X_P4_4	10X_P4_4_AGATTGCGTGGTTTCA	3-M-9	Bladder		M
Internal	10X_P4_4	10X_P4_4_AGATTGCTCAGGTTCA	3-M-9	Bladder		M
Internal	10X_P4_4	10X_P4_4_AGATTGCTCATAGCAC	3-M-9	Bladder		M
Internal	10X_P4_4	10X_P4_4_AGCAGCCCAACTGCGC	3-M-9	Bladder		M
Internal	10X_P4_4	10X_P4_4_AGCAGCCGTGCAGACA	3-M-9	Bladder		M
Internal	10X_P4_4	10X_P4_4_AGCAGCCTCAGTTTGG	3-M-9	Bladder		M
Internal	10X_P4_4	10X_P4_4_AGCAGCCTCCCGGATG	3-M-9	Bladder		M
Internal	10X_P4_4	10X_P4_4_AGCAGCCTCCCTCAGT	3-M-9	Bladder		M
Internal	10X_P4_4	10X_P4_4_AGCATACAGTTTAGGA	3-M-9	Bladder		M
Internal	10X_P4_4	10X_P4_4_AGCATACCAGGTCTCG	3-M-9	Bladder		M
Internal	10X_P4_4	10X_P4_4_AGCATACTCAGCCTAA	3-M-9	Bladder		M
Internal	10X_P4_4	10X_P4_4_AGCCTAAGTAACGACG	3-M-9	Bladder		M
Internal	10X_P4_4	10X_P4_4_AGCCTAAGTCGAGTTT	3-M-9	Bladder		M
Internal	10X_P4_4	10X_P4_4_AGCCTAATCGACCAGC	3-M-9	Bladder		M
Internal	10X_P4_4	10X_P4_4_AGCCTAATCGGAGCAA	3-M-9	Bladder		M
Internal	10X_P4_4	10X_P4_4_AGCCTAATCTCACATT	3-M-9	Bladder		M
Internal	10X_P4_4	10X_P4_4_AGCGGTCCAAGCCTAT	3-M-9	Bladder		M
Internal	10X_P4_4	10X_P4_4_AGCGTATAGATGCCAG	3-M-9	Bladder		M
Internal	10X_P4_4	10X_P4_4_AGCGTATCAGATGAGC	3-M-9	Bladder		M
Internal	10X_P4_4	10X_P4_4_AGCGTATGTCAAGCGA	3-M-9	Bladder		M
Internal	10X_P4_4	10X_P4_4_AGCGTATTCATCGATG	3-M-9	Bladder		M
Internal	10X_P4_4	10X_P4_4_AGCGTCGCAACGATCT	3-M-9	Bladder		M
Internal	10X_P4_4	10X_P4_4_AGCGTCGTCGATCCCT	3-M-9	Bladder		M
Internal	10X_P4_4	10X_P4_4_AGCGTCGTCGCCAGCA	3-M-9	Bladder		M
Internal	10X_P4_4	10X_P4_4_AGCGTCGTCTGGTTCC	3-M-9	Bladder		M
Internal	10X_P4_4	10X_P4_4_AGCTCCTCAGCTGTGC	3-M-9	Bladder		M
Internal	10X_P4_4	10X_P4_4_AGCTCCTCATTATCTC	3-M-9	Bladder		M
Internal	10X_P4_4	10X_P4_4_AGCTCCTGTCGACTGC	3-M-9	Bladder		M
Internal	10X_P4_4	10X_P4_4_AGCTCCTGTTCGGGCT	3-M-9	Bladder		M
Internal	10X_P4_4	10X_P4_4_AGCTCCTTCCTCGCAT	3-M-9	Bladder		M
Internal	10X_P4_4	10X_P4_4_AGCTCCTTCTCCAGGG	3-M-9	Bladder		M
Internal	10X_P4_4	10X_P4_4_AGCTCTCCATAAAGGT	3-M-9	Bladder		M
Internal	10X_P4_4	10X_P4_4_AGCTCTCGTTCGGGCT	3-M-9	Bladder		M
Internal	10X_P4_4	10X_P4_4_AGCTCTCTCATCTGCC	3-M-9	Bladder		M
Internal	10X_P4_4	10X_P4_4_AGCTTGAAGTGGAGAA	3-M-9	Bladder		M
Internal	10X_P4_4	10X_P4_4_AGGCCACCAATGTAAG	3-M-9	Bladder		M
Internal	10X_P4_4	10X_P4_4_AGGCCACCACGGCCAT	3-M-9	Bladder		M
Internal	10X_P4_4	10X_P4_4_AGGCCACCAGGTGCCT	3-M-9	Bladder		M
Internal	10X_P4_4	10X_P4_4_AGGCCACCATGCTAGT	3-M-9	Bladder		M
Internal	10X_P4_4	10X_P4_4_AGGCCACCATTTGCTT	3-M-9	Bladder		M
Internal	10X_P4_4	10X_P4_4_AGGCCACGTCTCAACA	3-M-9	Bladder		M
Internal	10X_P4_4	10X_P4_4_AGGCCACTCGGTGTTA	3-M-9	Bladder		M
Internal	10X_P4_4	10X_P4_4_AGGCCGTCATGAAGTA	3-M-9	Bladder		M
Internal	10X_P4_4	10X_P4_4_AGGCCGTGTGTCGCTG	3-M-9	Bladder		M
Internal	10X_P4_4	10X_P4_4_AGGCCGTTCCATGCTC	3-M-9	Bladder		M
Internal	10X_P4_4	10X_P4_4_AGGCCGTTCGCAGGCT	3-M-9	Bladder		M
Internal	10X_P4_4	10X_P4_4_AGGCCGTTCTCTGTCG	3-M-9	Bladder		M
Internal	10X_P4_4	10X_P4_4_AGGGAGTAGAGGGATA	3-M-9	Bladder		M
Internal	10X_P4_4	10X_P4_4_AGGGAGTAGTACGCCC	3-M-9	Bladder		M
Internal	10X_P4_4	10X_P4_4_AGGGAGTCATGATCCA	3-M-9	Bladder		M
Internal	10X_P4_4	10X_P4_4_AGGGATGAGAAACCAT	3-M-9	Bladder		M
Internal	10X_P4_4	10X_P4_4_AGGGATGAGTATCGAA	3-M-9	Bladder		M
Internal	10X_P4_4	10X_P4_4_AGGGATGCAGTAACGG	3-M-9	Bladder		M
Internal	10X_P4_4	10X_P4_4_AGGGATGTCTGGTTCC	3-M-9	Bladder		M
Internal	10X_P4_4	10X_P4_4_AGGGTGAAGACTCGGA	3-M-9	Bladder		M
Internal	10X_P4_4	10X_P4_4_AGGGTGACACGGACAA	3-M-9	Bladder		M
Internal	10X_P4_4	10X_P4_4_AGGGTGAGTCTCCATC	3-M-9	Bladder		M
Internal	10X_P4_4	10X_P4_4_AGGGTGAGTGCACCAC	3-M-9	Bladder		M
Internal	10X_P4_4	10X_P4_4_AGGGTGAGTTAGAACA	3-M-9	Bladder		M
Internal	10X_P4_4	10X_P4_4_AGGTCATAGAACTGTA	3-M-9	Bladder		M
Internal	10X_P4_4	10X_P4_4_AGGTCATGTACTTCTT	3-M-9	Bladder		M
Internal	10X_P4_4	10X_P4_4_AGGTCCGAGTTGAGTA	3-M-9	Bladder		M
Internal	10X_P4_4	10X_P4_4_AGGTCCGGTGCGCTTG	3-M-9	Bladder		M
Internal	10X_P4_4	10X_P4_4_AGGTCCGGTGTTCGAT	3-M-9	Bladder		M
Internal	10X_P4_4	10X_P4_4_AGTCTTTAGCAGCCTC	3-M-9	Bladder		M
Internal	10X_P4_4	10X_P4_4_AGTCTTTGTTAGAACA	3-M-9	Bladder		M
Internal	10X_P4_4	10X_P4_4_AGTCTTTGTTGCTCCT	3-M-9	Bladder		M
Internal	10X_P4_4	10X_P4_4_AGTGAGGAGCCCTAAT	3-M-9	Bladder		M
Internal	10X_P4_4	10X_P4_4_AGTGAGGAGGCCCGTT	3-M-9	Bladder		M
Internal	10X_P4_4	10X_P4_4_AGTGAGGAGTCCATAC	3-M-9	Bladder		M
Internal	10X_P4_4	10X_P4_4_AGTGAGGCAAGCTGGA	3-M-9	Bladder		M
Internal	10X_P4_4	10X_P4_4_AGTGAGGGTGCAGACA	3-M-9	Bladder		M
Internal	10X_P4_4	10X_P4_4_AGTGAGGGTTGAGGTG	3-M-9	Bladder		M
Internal	10X_P4_4	10X_P4_4_AGTGAGGTCGGATGTT	3-M-9	Bladder		M
Internal	10X_P4_4	10X_P4_4_AGTGGGAAGCAAATCA	3-M-9	Bladder		M
Internal	10X_P4_4	10X_P4_4_AGTGGGAGTCGTGGCT	3-M-9	Bladder		M
Internal	10X_P4_4	10X_P4_4_AGTGGGATCTCGAGTA	3-M-9	Bladder		M
Internal	10X_P4_4	10X_P4_4_AGTGTCAGTGATAAAC	3-M-9	Bladder		M
Internal	10X_P4_4	10X_P4_4_AGTTGGTAGTCAAGCG	3-M-9	Bladder		M
Internal	10X_P4_4	10X_P4_4_AGTTGGTCACGGTGTC	3-M-9	Bladder		M
Internal	10X_P4_4	10X_P4_4_AGTTGGTCAGCCTATA	3-M-9	Bladder		M
Internal	10X_P4_4	10X_P4_4_AGTTGGTCATCGACGC	3-M-9	Bladder		M
Internal	10X_P4_4	10X_P4_4_AGTTGGTGTTATGCGT	3-M-9	Bladder		M
Internal	10X_P4_4	10X_P4_4_ATAACGCCACGGCTAC	3-M-9	Bladder		M
Internal	10X_P4_4	10X_P4_4_ATAACGCGTTATCGGT	3-M-9	Bladder		M
Internal	10X_P4_4	10X_P4_4_ATAACGCTCCGCAGTG	3-M-9	Bladder		M
Internal	10X_P4_4	10X_P4_4_ATAACGCTCGCGTTTC	3-M-9	Bladder		M
Internal	10X_P4_4	10X_P4_4_ATAACGCTCGGCTTGG	3-M-9	Bladder		M
Internal	10X_P4_4	10X_P4_4_ATAAGAGAGTGAACGC	3-M-9	Bladder		M
Internal	10X_P4_4	10X_P4_4_ATAAGAGGTAACGTTC	3-M-9	Bladder		M
Internal	10X_P4_4	10X_P4_4_ATAAGAGTCCCAACGG	3-M-9	Bladder		M
Internal	10X_P4_4	10X_P4_4_ATAGACCCAAGACACG	3-M-9	Bladder		M
Internal	10X_P4_4	10X_P4_4_ATAGACCGTGAGTGAC	3-M-9	Bladder		M
Internal	10X_P4_4	10X_P4_4_ATAGACCTCCGCGTTT	3-M-9	Bladder		M
Internal	10X_P4_4	10X_P4_4_ATAGACCTCTACTCAT	3-M-9	Bladder		M
Internal	10X_P4_4	10X_P4_4_ATCACGAAGTACTTGC	3-M-9	Bladder		M
Internal	10X_P4_4	10X_P4_4_ATCACGACACGGTAAG	3-M-9	Bladder		M
Internal	10X_P4_4	10X_P4_4_ATCACGACAGACGTAG	3-M-9	Bladder		M
Internal	10X_P4_4	10X_P4_4_ATCACGAGTTTGCATG	3-M-9	Bladder		M
Internal	10X_P4_4	10X_P4_4_ATCACGATCCAATGGT	3-M-9	Bladder		M
Internal	10X_P4_4	10X_P4_4_ATCATCTAGACGCACA	3-M-9	Bladder		M
Internal	10X_P4_4	10X_P4_4_ATCATCTCATCGGACC	3-M-9	Bladder		M
Internal	10X_P4_4	10X_P4_4_ATCATCTGTTGTGGCC	3-M-9	Bladder		M
Internal	10X_P4_4	10X_P4_4_ATCATCTTCATGTGGT	3-M-9	Bladder		M
Internal	10X_P4_4	10X_P4_4_ATCATGGAGCTCAACT	3-M-9	Bladder		M
Internal	10X_P4_4	10X_P4_4_ATCATGGAGGAGTCTG	3-M-9	Bladder		M
Internal	10X_P4_4	10X_P4_4_ATCATGGAGTAGATGT	3-M-9	Bladder		M
Internal	10X_P4_4	10X_P4_4_ATCATGGCAGGGTACA	3-M-9	Bladder		M
Internal	10X_P4_4	10X_P4_4_ATCATGGGTATAGGGC	3-M-9	Bladder		M
Internal	10X_P4_4	10X_P4_4_ATCCACCAGGACACCA	3-M-9	Bladder		M
Internal	10X_P4_4	10X_P4_4_ATCCACCCAACAACCT	3-M-9	Bladder		M
Internal	10X_P4_4	10X_P4_4_ATCCACCCACAACTGT	3-M-9	Bladder		M
Internal	10X_P4_4	10X_P4_4_ATCCACCGTACCGAGA	3-M-9	Bladder		M
Internal	10X_P4_4	10X_P4_4_ATCCACCGTTCCATGA	3-M-9	Bladder		M
Internal	10X_P4_4	10X_P4_4_ATCCACCTCCTCAATT	3-M-9	Bladder		M
Internal	10X_P4_4	10X_P4_4_ATCCACCTCTTGTTTG	3-M-9	Bladder		M
Internal	10X_P4_4	10X_P4_4_ATCCGAAAGGTTCCTA	3-M-9	Bladder		M
Internal	10X_P4_4	10X_P4_4_ATCCGAACATTGTGCA	3-M-9	Bladder		M
Internal	10X_P4_4	10X_P4_4_ATCCGAAGTTATTCTC	3-M-9	Bladder		M
Internal	10X_P4_4	10X_P4_4_ATCCGAATCCTAGTGA	3-M-9	Bladder		M
Internal	10X_P4_4	10X_P4_4_ATCGAGTGTGCAGTAG	3-M-9	Bladder		M
Internal	10X_P4_4	10X_P4_4_ATCGAGTGTGCGGTAA	3-M-9	Bladder		M
Internal	10X_P4_4	10X_P4_4_ATCTACTAGGCAATTA	3-M-9	Bladder		M
Internal	10X_P4_4	10X_P4_4_ATCTACTGTCGGCATC	3-M-9	Bladder		M
Internal	10X_P4_4	10X_P4_4_ATCTGCCAGAAGAAGC	3-M-9	Bladder		M
Internal	10X_P4_4	10X_P4_4_ATCTGCCAGTGATCGG	3-M-9	Bladder		M
Internal	10X_P4_4	10X_P4_4_ATCTGCCGTAGCGCTC	3-M-9	Bladder		M
Internal	10X_P4_4	10X_P4_4_ATCTGCCGTGTGACCC	3-M-9	Bladder		M
Internal	10X_P4_4	10X_P4_4_ATCTGCCTCTCATTCA	3-M-9	Bladder		M
Internal	10X_P4_4	10X_P4_4_ATGAGGGCACCCTATC	3-M-9	Bladder		M
Internal	10X_P4_4	10X_P4_4_ATGAGGGCACGAAAGC	3-M-9	Bladder		M
Internal	10X_P4_4	10X_P4_4_ATGAGGGCACGCCAGT	3-M-9	Bladder		M
Internal	10X_P4_4	10X_P4_4_ATGCGATAGATATACG	3-M-9	Bladder		M
Internal	10X_P4_4	10X_P4_4_ATGCGATAGCAATATG	3-M-9	Bladder		M
Internal	10X_P4_4	10X_P4_4_ATGCGATCATAAAGGT	3-M-9	Bladder		M
Internal	10X_P4_4	10X_P4_4_ATGCGATTCACTATTC	3-M-9	Bladder		M
Internal	10X_P4_4	10X_P4_4_ATGGGAGCACATCCAA	3-M-9	Bladder		M
Internal	10X_P4_4	10X_P4_4_ATGGGAGCACCGCTAG	3-M-9	Bladder		M
Internal	10X_P4_4	10X_P4_4_ATGGGAGTCAGGATCT	3-M-9	Bladder		M
Internal	10X_P4_4	10X_P4_4_ATGGGAGTCCTAGGGC	3-M-9	Bladder		M
Internal	10X_P4_4	10X_P4_4_ATGTGTGAGATGTTAG	3-M-9	Bladder		M
Internal	10X_P4_4	10X_P4_4_ATGTGTGCAGCTTCGG	3-M-9	Bladder		M
Internal	10X_P4_4	10X_P4_4_ATTACTCCAGCGTCCA	3-M-9	Bladder		M
Internal	10X_P4_4	10X_P4_4_ATTACTCCAGCTCGCA	3-M-9	Bladder		M
Internal	10X_P4_4	10X_P4_4_ATTACTCGTCTAGAGG	3-M-9	Bladder		M
Internal	10X_P4_4	10X_P4_4_ATTACTCGTGAAGGCT	3-M-9	Bladder		M
Internal	10X_P4_4	10X_P4_4_ATTACTCTCAACACTG	3-M-9	Bladder		M
Internal	10X_P4_4	10X_P4_4_ATTACTCTCCTTTACA	3-M-9	Bladder		M
Internal	10X_P4_4	10X_P4_4_ATTACTCTCTCAACTT	3-M-9	Bladder		M
Internal	10X_P4_4	10X_P4_4_ATTATCCAGACTGTAA	3-M-9	Bladder		M
Internal	10X_P4_4	10X_P4_4_ATTATCCAGAGCCTAG	3-M-9	Bladder		M
Internal	10X_P4_4	10X_P4_4_ATTATCCAGATCCGAG	3-M-9	Bladder		M
Internal	10X_P4_4	10X_P4_4_ATTATCCCATTCTTAC	3-M-9	Bladder		M
Internal	10X_P4_4	10X_P4_4_ATTATCCTCCGCGGTA	3-M-9	Bladder		M
Internal	10X_P4_4	10X_P4_4_ATTCTACGTGATGATA	3-M-9	Bladder		M
Internal	10X_P4_4	10X_P4_4_ATTCTACTCATTTGGG	3-M-9	Bladder		M
Internal	10X_P4_4	10X_P4_4_ATTCTACTCCTATGTT	3-M-9	Bladder		M
Internal	10X_P4_4	10X_P4_4_ATTGGACGTTCCATGA	3-M-9	Bladder		M
Internal	10X_P4_4	10X_P4_4_ATTGGTGAGGGAGTAA	3-M-9	Bladder		M
Internal	10X_P4_4	10X_P4_4_CAACCAACAGCTCCGA	3-M-9	Bladder		M
Internal	10X_P4_4	10X_P4_4_CAACCTCGTTCCCTTG	3-M-9	Bladder		M
Internal	10X_P4_4	10X_P4_4_CAACCTCTCATTATCC	3-M-9	Bladder		M
Internal	10X_P4_4	10X_P4_4_CAACTAGAGATGTGGC	3-M-9	Bladder		M
Internal	10X_P4_4	10X_P4_4_CAACTAGTCCCATTTA	3-M-9	Bladder		M
Internal	10X_P4_4	10X_P4_4_CAAGAAAAGGACTGGT	3-M-9	Bladder		M
Internal	10X_P4_4	10X_P4_4_CAAGAAACACGCATCG	3-M-9	Bladder		M
Internal	10X_P4_4	10X_P4_4_CAAGAAACATTCCTCG	3-M-9	Bladder		M
Internal	10X_P4_4	10X_P4_4_CAAGAAATCGCGCCAA	3-M-9	Bladder		M
Internal	10X_P4_4	10X_P4_4_CAAGATCAGCGAAGGG	3-M-9	Bladder		M
Internal	10X_P4_4	10X_P4_4_CAAGATCCAAGTCATC	3-M-9	Bladder		M
Internal	10X_P4_4	10X_P4_4_CAAGATCGTACCGTAT	3-M-9	Bladder		M
Internal	10X_P4_4	10X_P4_4_CAAGATCTCATTCACT	3-M-9	Bladder		M
Internal	10X_P4_4	10X_P4_4_CAAGATCTCCACGTGG	3-M-9	Bladder		M
Internal	10X_P4_4	10X_P4_4_CAAGATCTCTACCTGC	3-M-9	Bladder		M
Internal	10X_P4_4	10X_P4_4_CAAGGCCGTCACTTCC	3-M-9	Bladder		M
Internal	10X_P4_4	10X_P4_4_CAAGGCCTCTTGAGAC	3-M-9	Bladder		M
Internal	10X_P4_4	10X_P4_4_CAAGTTGAGCGTAATA	3-M-9	Bladder		M
Internal	10X_P4_4	10X_P4_4_CAAGTTGCACAAGCCC	3-M-9	Bladder		M
Internal	10X_P4_4	10X_P4_4_CAAGTTGGTTAAGATG	3-M-9	Bladder		M
Internal	10X_P4_4	10X_P4_4_CAAGTTGTCGGATGTT	3-M-9	Bladder		M
Internal	10X_P4_4	10X_P4_4_CACAAACAGTATCGAA	3-M-9	Bladder		M
Internal	10X_P4_4	10X_P4_4_CACAAACCACCCAGTG	3-M-9	Bladder		M
Internal	10X_P4_4	10X_P4_4_CACAAACCATGAACCT	3-M-9	Bladder		M
Internal	10X_P4_4	10X_P4_4_CACAAACGTTTCGCTC	3-M-9	Bladder		M
Internal	10X_P4_4	10X_P4_4_CACAAACTCCCAAGTA	3-M-9	Bladder		M
Internal	10X_P4_4	10X_P4_4_CACACAAAGTTATCGC	3-M-9	Bladder		M
Internal	10X_P4_4	10X_P4_4_CACACAATCATCATTC	3-M-9	Bladder		M
Internal	10X_P4_4	10X_P4_4_CACACAATCCAAGTAC	3-M-9	Bladder		M
Internal	10X_P4_4	10X_P4_4_CACACAATCGCGCCAA	3-M-9	Bladder		M
Internal	10X_P4_4	10X_P4_4_CACACAATCTGTCAAG	3-M-9	Bladder		M
Internal	10X_P4_4	10X_P4_4_CACACCTAGACAGGCT	3-M-9	Bladder		M
Internal	10X_P4_4	10X_P4_4_CACACCTAGGACACCA	3-M-9	Bladder		M
Internal	10X_P4_4	10X_P4_4_CACACCTCAACAACCT	3-M-9	Bladder		M
Internal	10X_P4_4	10X_P4_4_CACACCTCAGGAATGC	3-M-9	Bladder		M
Internal	10X_P4_4	10X_P4_4_CACACCTGTGATGATA	3-M-9	Bladder		M
Internal	10X_P4_4	10X_P4_4_CACACCTTCACCGGGT	3-M-9	Bladder		M
Internal	10X_P4_4	10X_P4_4_CACACCTTCTCGCTTG	3-M-9	Bladder		M
Internal	10X_P4_4	10X_P4_4_CACACTCCAAACAACA	3-M-9	Bladder		M
Internal	10X_P4_4	10X_P4_4_CACACTCCAACCGCCA	3-M-9	Bladder		M
Internal	10X_P4_4	10X_P4_4_CACACTCGTCTGGAGA	3-M-9	Bladder		M
Internal	10X_P4_4	10X_P4_4_CACACTCTCCTTTCGG	3-M-9	Bladder		M
Internal	10X_P4_4	10X_P4_4_CACAGGCAGTCAAGGC	3-M-9	Bladder		M
Internal	10X_P4_4	10X_P4_4_CACAGGCAGTGTGGCA	3-M-9	Bladder		M
Internal	10X_P4_4	10X_P4_4_CACAGGCGTGGGTATG	3-M-9	Bladder		M
Internal	10X_P4_4	10X_P4_4_CACAGGCTCAGTTAGC	3-M-9	Bladder		M
Internal	10X_P4_4	10X_P4_4_CACAGGCTCCACGCAG	3-M-9	Bladder		M
Internal	10X_P4_4	10X_P4_4_CACAGTAAGGAATCGC	3-M-9	Bladder		M
Internal	10X_P4_4	10X_P4_4_CACAGTACAAGCTGGA	3-M-9	Bladder		M
Internal	10X_P4_4	10X_P4_4_CACAGTACATTAACCG	3-M-9	Bladder		M
Internal	10X_P4_4	10X_P4_4_CACAGTAGTCGGCTCA	3-M-9	Bladder		M
Internal	10X_P4_4	10X_P4_4_CACAGTAGTGGTAACG	3-M-9	Bladder		M
Internal	10X_P4_4	10X_P4_4_CACAGTAGTTTGTTTC	3-M-9	Bladder		M
Internal	10X_P4_4	10X_P4_4_CACAGTATCGTCTGAA	3-M-9	Bladder		M
Internal	10X_P4_4	10X_P4_4_CACATTTGTCCTAGCG	3-M-9	Bladder		M
Internal	10X_P4_4	10X_P4_4_CACATTTGTTACGTCA	3-M-9	Bladder		M
Internal	10X_P4_4	10X_P4_4_CACCACTTCACTCTTA	3-M-9	Bladder		M
Internal	10X_P4_4	10X_P4_4_CACCACTTCCCTTGTG	3-M-9	Bladder		M
Internal	10X_P4_4	10X_P4_4_CACCAGGGTGCAGACA	3-M-9	Bladder		M
Internal	10X_P4_4	10X_P4_4_CACCAGGTCCACGTTC	3-M-9	Bladder		M
Internal	10X_P4_4	10X_P4_4_CACCAGGTCTCTTGAT	3-M-9	Bladder		M
Internal	10X_P4_4	10X_P4_4_CACCTTGAGTCTTGCA	3-M-9	Bladder		M
Internal	10X_P4_4	10X_P4_4_CACCTTGCACGCTTTC	3-M-9	Bladder		M
Internal	10X_P4_4	10X_P4_4_CACTCCATCAAGGCTT	3-M-9	Bladder		M
Internal	10X_P4_4	10X_P4_4_CACTCCATCATGTAGC	3-M-9	Bladder		M
Internal	10X_P4_4	10X_P4_4_CACTCCATCTCTGTCG	3-M-9	Bladder		M
Internal	10X_P4_4	10X_P4_4_CAGAATCAGACAGAGA	3-M-9	Bladder		M
Internal	10X_P4_4	10X_P4_4_CAGAATCCAGTGGAGT	3-M-9	Bladder		M
Internal	10X_P4_4	10X_P4_4_CAGAATCGTAGTGAAT	3-M-9	Bladder		M
Internal	10X_P4_4	10X_P4_4_CAGAATCGTGAAGGCT	3-M-9	Bladder		M
Internal	10X_P4_4	10X_P4_4_CAGAATCGTTACCAGT	3-M-9	Bladder		M
Internal	10X_P4_4	10X_P4_4_CAGAATCTCCAGGGCT	3-M-9	Bladder		M
Internal	10X_P4_4	10X_P4_4_CAGAATCTCTCGCTTG	3-M-9	Bladder		M
Internal	10X_P4_4	10X_P4_4_CAGAATCTCTTAACCT	3-M-9	Bladder		M
Internal	10X_P4_4	10X_P4_4_CAGAGAGGTTCGGCAC	3-M-9	Bladder		M
Internal	10X_P4_4	10X_P4_4_CAGATCAAGGAGTACC	3-M-9	Bladder		M
Internal	10X_P4_4	10X_P4_4_CAGATCACACTGTGTA	3-M-9	Bladder		M
Internal	10X_P4_4	10X_P4_4_CAGATCATCACTATTC	3-M-9	Bladder		M
Internal	10X_P4_4	10X_P4_4_CAGCAGCAGAGCTTCT	3-M-9	Bladder		M
Internal	10X_P4_4	10X_P4_4_CAGCAGCCATGTTCCC	3-M-9	Bladder		M
Internal	10X_P4_4	10X_P4_4_CAGCAGCGTATTACCG	3-M-9	Bladder		M
Internal	10X_P4_4	10X_P4_4_CAGCAGCTCCAAAGTC	3-M-9	Bladder		M
Internal	10X_P4_4	10X_P4_4_CAGCATAAGACACGAC	3-M-9	Bladder		M
Internal	10X_P4_4	10X_P4_4_CAGCATAAGATAGCAT	3-M-9	Bladder		M
Internal	10X_P4_4	10X_P4_4_CAGCATAAGTGTACCT	3-M-9	Bladder		M
Internal	10X_P4_4	10X_P4_4_CAGCATAGTAGCGTAG	3-M-9	Bladder		M
Internal	10X_P4_4	10X_P4_4_CAGCATAGTCATTAGC	3-M-9	Bladder		M
Internal	10X_P4_4	10X_P4_4_CAGCATAGTCTCCCTA	3-M-9	Bladder		M
Internal	10X_P4_4	10X_P4_4_CAGCATATCTCTGCTG	3-M-9	Bladder		M
Internal	10X_P4_4	10X_P4_4_CAGCCGACAGGGATTG	3-M-9	Bladder		M
Internal	10X_P4_4	10X_P4_4_CAGCCGATCCTAGTGA	3-M-9	Bladder		M
Internal	10X_P4_4	10X_P4_4_CAGCGACAGTCTCAAC	3-M-9	Bladder		M
Internal	10X_P4_4	10X_P4_4_CAGCGACGTGATAAGT	3-M-9	Bladder		M
Internal	10X_P4_4	10X_P4_4_CAGCTAACAGGCGATA	3-M-9	Bladder		M
Internal	10X_P4_4	10X_P4_4_CAGCTGGCACCTTGTC	3-M-9	Bladder		M
Internal	10X_P4_4	10X_P4_4_CAGGTGCAGGAATGGA	3-M-9	Bladder		M
Internal	10X_P4_4	10X_P4_4_CAGGTGCCAAACGTGG	3-M-9	Bladder		M
Internal	10X_P4_4	10X_P4_4_CAGGTGCCACGCCAGT	3-M-9	Bladder		M
Internal	10X_P4_4	10X_P4_4_CAGGTGCCATACGCTA	3-M-9	Bladder		M
Internal	10X_P4_4	10X_P4_4_CAGGTGCTCCACGACG	3-M-9	Bladder		M
Internal	10X_P4_4	10X_P4_4_CAGGTGCTCGGAATCT	3-M-9	Bladder		M
Internal	10X_P4_4	10X_P4_4_CAGGTGCTCTCGTTTA	3-M-9	Bladder		M
Internal	10X_P4_4	10X_P4_4_CAGTAACAGTCGAGTG	3-M-9	Bladder		M
Internal	10X_P4_4	10X_P4_4_CAGTAACCATCACGAT	3-M-9	Bladder		M
Internal	10X_P4_4	10X_P4_4_CAGTAACCATGCAACT	3-M-9	Bladder		M
Internal	10X_P4_4	10X_P4_4_CAGTAACGTCTCAACA	3-M-9	Bladder		M
Internal	10X_P4_4	10X_P4_4_CAGTAACGTGTTTGGT	3-M-9	Bladder		M
Internal	10X_P4_4	10X_P4_4_CAGTAACTCCGAATGT	3-M-9	Bladder		M
Internal	10X_P4_4	10X_P4_4_CAGTCCTAGGACACCA	3-M-9	Bladder		M
Internal	10X_P4_4	10X_P4_4_CAGTCCTCAAATTGCC	3-M-9	Bladder		M
Internal	10X_P4_4	10X_P4_4_CAGTCCTCAGACGTAG	3-M-9	Bladder		M
Internal	10X_P4_4	10X_P4_4_CAGTCCTGTTCGTGAT	3-M-9	Bladder		M
Internal	10X_P4_4	10X_P4_4_CATATGGCACTGTGTA	3-M-9	Bladder		M
Internal	10X_P4_4	10X_P4_4_CATATGGCATGGTTGT	3-M-9	Bladder		M
Internal	10X_P4_4	10X_P4_4_CATATTCAGGCCCTCA	3-M-9	Bladder		M
Internal	10X_P4_4	10X_P4_4_CATATTCAGGTGTGGT	3-M-9	Bladder		M
Internal	10X_P4_4	10X_P4_4_CATATTCCACACAGAG	3-M-9	Bladder		M
Internal	10X_P4_4	10X_P4_4_CATATTCGTACTTGAC	3-M-9	Bladder		M
Internal	10X_P4_4	10X_P4_4_CATATTCGTCGAGATG	3-M-9	Bladder		M
Internal	10X_P4_4	10X_P4_4_CATATTCGTTATGTGC	3-M-9	Bladder		M
Internal	10X_P4_4	10X_P4_4_CATCAAGAGCGTGAGT	3-M-9	Bladder		M
Internal	10X_P4_4	10X_P4_4_CATCAAGGTCAAGCGA	3-M-9	Bladder		M
Internal	10X_P4_4	10X_P4_4_CATCAAGTCCAGAAGG	3-M-9	Bladder		M
Internal	10X_P4_4	10X_P4_4_CATCAGAGTCTAGAGG	3-M-9	Bladder		M
Internal	10X_P4_4	10X_P4_4_CATCCACAGACTGGGT	3-M-9	Bladder		M
Internal	10X_P4_4	10X_P4_4_CATCCACAGAGCCTAG	3-M-9	Bladder		M
Internal	10X_P4_4	10X_P4_4_CATCCACCAGCTGCAC	3-M-9	Bladder		M
Internal	10X_P4_4	10X_P4_4_CATCGAAGTAAACGCG	3-M-9	Bladder		M
Internal	10X_P4_4	10X_P4_4_CATCGAATCAGCCTAA	3-M-9	Bladder		M
Internal	10X_P4_4	10X_P4_4_CATCGAATCGTAGGTT	3-M-9	Bladder		M
Internal	10X_P4_4	10X_P4_4_CATCGAATCTAACGGT	3-M-9	Bladder		M
Internal	10X_P4_4	10X_P4_4_CATCGGGGTACCCAAT	3-M-9	Bladder		M
Internal	10X_P4_4	10X_P4_4_CATCGGGGTCTTCGTC	3-M-9	Bladder		M
Internal	10X_P4_4	10X_P4_4_CATCGGGGTTCAGTAC	3-M-9	Bladder		M
Internal	10X_P4_4	10X_P4_4_CATGACAAGCGATCCC	3-M-9	Bladder		M
Internal	10X_P4_4	10X_P4_4_CATGACAAGGACTGGT	3-M-9	Bladder		M
Internal	10X_P4_4	10X_P4_4_CATGACACACCAGGCT	3-M-9	Bladder		M
Internal	10X_P4_4	10X_P4_4_CATGACAGTCTTCAAG	3-M-9	Bladder		M
Internal	10X_P4_4	10X_P4_4_CATGACAGTTACAGAA	3-M-9	Bladder		M
Internal	10X_P4_4	10X_P4_4_CATGACATCGTAGGAG	3-M-9	Bladder		M
Internal	10X_P4_4	10X_P4_4_CATGCCTAGCTAGTTC	3-M-9	Bladder		M
Internal	10X_P4_4	10X_P4_4_CATGCCTAGGGTGTTG	3-M-9	Bladder		M
Internal	10X_P4_4	10X_P4_4_CATGCCTTCGGCCGAT	3-M-9	Bladder		M
Internal	10X_P4_4	10X_P4_4_CATGGCGAGCTCCTTC	3-M-9	Bladder		M
Internal	10X_P4_4	10X_P4_4_CATGGCGAGCTGCAAG	3-M-9	Bladder		M
Internal	10X_P4_4	10X_P4_4_CATGGCGAGGTGTTAA	3-M-9	Bladder		M
Internal	10X_P4_4	10X_P4_4_CATGGCGCAGGTGCCT	3-M-9	Bladder		M
Internal	10X_P4_4	10X_P4_4_CATGGCGCATTCTCAT	3-M-9	Bladder		M
Internal	10X_P4_4	10X_P4_4_CATGGCGTCGTATCAG	3-M-9	Bladder		M
Internal	10X_P4_4	10X_P4_4_CATTATCAGACAAAGG	3-M-9	Bladder		M
Internal	10X_P4_4	10X_P4_4_CATTATCAGCTCCCAG	3-M-9	Bladder		M
Internal	10X_P4_4	10X_P4_4_CATTATCGTCAAAGCG	3-M-9	Bladder		M
Internal	10X_P4_4	10X_P4_4_CATTATCTCCGAGCCA	3-M-9	Bladder		M
Internal	10X_P4_4	10X_P4_4_CATTATCTCCGCTGTT	3-M-9	Bladder		M
Internal	10X_P4_4	10X_P4_4_CATTATCTCTTGGGTA	3-M-9	Bladder		M
Internal	10X_P4_4	10X_P4_4_CATTCGCAGACGCAAC	3-M-9	Bladder		M
Internal	10X_P4_4	10X_P4_4_CATTCGCAGAGCTGCA	3-M-9	Bladder		M
Internal	10X_P4_4	10X_P4_4_CATTCGCCACTAAGTC	3-M-9	Bladder		M
Internal	10X_P4_4	10X_P4_4_CATTCGCCATAACCTG	3-M-9	Bladder		M
Internal	10X_P4_4	10X_P4_4_CATTCGCTCAGCTGGC	3-M-9	Bladder		M
Internal	10X_P4_4	10X_P4_4_CCAATCCCACACCGAC	3-M-9	Bladder		M
Internal	10X_P4_4	10X_P4_4_CCAATCCCACATAACC	3-M-9	Bladder		M
Internal	10X_P4_4	10X_P4_4_CCAATCCCATGGTCAT	3-M-9	Bladder		M
Internal	10X_P4_4	10X_P4_4_CCAATCCGTAGATTAG	3-M-9	Bladder		M
Internal	10X_P4_4	10X_P4_4_CCAATCCTCCAAAGTC	3-M-9	Bladder		M
Internal	10X_P4_4	10X_P4_4_CCAATCCTCGATCCCT	3-M-9	Bladder		M
Internal	10X_P4_4	10X_P4_4_CCACCTAAGACGCTTT	3-M-9	Bladder		M
Internal	10X_P4_4	10X_P4_4_CCACCTAGTATGCTTG	3-M-9	Bladder		M
Internal	10X_P4_4	10X_P4_4_CCACGGAAGATGTGTA	3-M-9	Bladder		M
Internal	10X_P4_4	10X_P4_4_CCACGGAAGCATCATC	3-M-9	Bladder		M
Internal	10X_P4_4	10X_P4_4_CCACGGAGTTACAGAA	3-M-9	Bladder		M
Internal	10X_P4_4	10X_P4_4_CCACGGATCCTTTCGG	3-M-9	Bladder		M
Internal	10X_P4_4	10X_P4_4_CCACTACCAATGTAAG	3-M-9	Bladder		M
Internal	10X_P4_4	10X_P4_4_CCACTACGTCCGAGTC	3-M-9	Bladder		M
Internal	10X_P4_4	10X_P4_4_CCACTACGTGTGGCTC	3-M-9	Bladder		M
Internal	10X_P4_4	10X_P4_4_CCACTACGTTTAGCTG	3-M-9	Bladder		M
Internal	10X_P4_4	10X_P4_4_CCAGCGACACGGCGTT	3-M-9	Bladder		M
Internal	10X_P4_4	10X_P4_4_CCAGCGACATCTATGG	3-M-9	Bladder		M
Internal	10X_P4_4	10X_P4_4_CCAGCGATCAACGGCC	3-M-9	Bladder		M
Internal	10X_P4_4	10X_P4_4_CCAGCGATCGGATGTT	3-M-9	Bladder		M
Internal	10X_P4_4	10X_P4_4_CCAGCGATCGGTCCGA	3-M-9	Bladder		M
Internal	10X_P4_4	10X_P4_4_CCATGTCAGGCTAGGT	3-M-9	Bladder		M
Internal	10X_P4_4	10X_P4_4_CCATGTCAGGTAGCCA	3-M-9	Bladder		M
Internal	10X_P4_4	10X_P4_4_CCATGTCAGTATCGAA	3-M-9	Bladder		M
Internal	10X_P4_4	10X_P4_4_CCATGTCGTCTTGTCC	3-M-9	Bladder		M
Internal	10X_P4_4	10X_P4_4_CCATGTCTCAGGCCCA	3-M-9	Bladder		M
Internal	10X_P4_4	10X_P4_4_CCATTCGAGTCGCCGT	3-M-9	Bladder		M
Internal	10X_P4_4	10X_P4_4_CCATTCGCAAACCTAC	3-M-9	Bladder		M
Internal	10X_P4_4	10X_P4_4_CCATTCGCACAACTGT	3-M-9	Bladder		M
Internal	10X_P4_4	10X_P4_4_CCATTCGGTTGTGGAG	3-M-9	Bladder		M
Internal	10X_P4_4	10X_P4_4_CCCAATCAGGCTCAGA	3-M-9	Bladder		M
Internal	10X_P4_4	10X_P4_4_CCCAATCAGGGTCGAT	3-M-9	Bladder		M
Internal	10X_P4_4	10X_P4_4_CCCAATCCAATAACGA	3-M-9	Bladder		M
Internal	10X_P4_4	10X_P4_4_CCCAATCGTAAGGGAA	3-M-9	Bladder		M
Internal	10X_P4_4	10X_P4_4_CCCAATCGTTCCGTCT	3-M-9	Bladder		M
Internal	10X_P4_4	10X_P4_4_CCCAGTTAGCTAACAA	3-M-9	Bladder		M
Internal	10X_P4_4	10X_P4_4_CCCAGTTCACCAGTTA	3-M-9	Bladder		M
Internal	10X_P4_4	10X_P4_4_CCCAGTTCAGCGTTCG	3-M-9	Bladder		M
Internal	10X_P4_4	10X_P4_4_CCCAGTTGTAAGAGAG	3-M-9	Bladder		M
Internal	10X_P4_4	10X_P4_4_CCCATACAGAAGCCCA	3-M-9	Bladder		M
Internal	10X_P4_4	10X_P4_4_CCCATACGTACCTACA	3-M-9	Bladder		M
Internal	10X_P4_4	10X_P4_4_CCCATACGTAGGGTAC	3-M-9	Bladder		M
Internal	10X_P4_4	10X_P4_4_CCCATACGTGAAGGCT	3-M-9	Bladder		M
Internal	10X_P4_4	10X_P4_4_CCCATACTCGCTGATA	3-M-9	Bladder		M
Internal	10X_P4_4	10X_P4_4_CCCTCCTAGCTAACAA	3-M-9	Bladder		M
Internal	10X_P4_4	10X_P4_4_CCCTCCTAGCTAAGAT	3-M-9	Bladder		M
Internal	10X_P4_4	10X_P4_4_CCCTCCTCAATCAGAA	3-M-9	Bladder		M
Internal	10X_P4_4	10X_P4_4_CCCTCCTCACCAGGCT	3-M-9	Bladder		M
Internal	10X_P4_4	10X_P4_4_CCCTCCTGTGTGACGA	3-M-9	Bladder		M
Internal	10X_P4_4	10X_P4_4_CCCTCCTTCGGCGGTT	3-M-9	Bladder		M
Internal	10X_P4_4	10X_P4_4_CCCTCCTTCTTCATGT	3-M-9	Bladder		M
Internal	10X_P4_4	10X_P4_4_CCGGGATCAAGCGAGT	3-M-9	Bladder		M
Internal	10X_P4_4	10X_P4_4_CCGGTAGCAGCTGTAT	3-M-9	Bladder		M
Internal	10X_P4_4	10X_P4_4_CCGTACTAGCGTGAAC	3-M-9	Bladder		M
Internal	10X_P4_4	10X_P4_4_CCGTACTTCAGGCGAA	3-M-9	Bladder		M
Internal	10X_P4_4	10X_P4_4_CCGTACTTCTGGCGTG	3-M-9	Bladder		M
Internal	10X_P4_4	10X_P4_4_CCGTACTTCTGTGCAA	3-M-9	Bladder		M
Internal	10X_P4_4	10X_P4_4_CCGTGGACAGCTGTAT	3-M-9	Bladder		M
Internal	10X_P4_4	10X_P4_4_CCGTGGAGTAGTGAAT	3-M-9	Bladder		M
Internal	10X_P4_4	10X_P4_4_CCGTTCAGTAAGAGAG	3-M-9	Bladder		M
Internal	10X_P4_4	10X_P4_4_CCGTTCAGTCTGATTG	3-M-9	Bladder		M
Internal	10X_P4_4	10X_P4_4_CCGTTCAGTCTTCAAG	3-M-9	Bladder		M
Internal	10X_P4_4	10X_P4_4_CCTAAAGAGCTCCTTC	3-M-9	Bladder		M
Internal	10X_P4_4	10X_P4_4_CCTAAAGCAAGGGTCA	3-M-9	Bladder		M
Internal	10X_P4_4	10X_P4_4_CCTAAAGCACTGTTAG	3-M-9	Bladder		M
Internal	10X_P4_4	10X_P4_4_CCTAAAGGTCAGAAGC	3-M-9	Bladder		M
Internal	10X_P4_4	10X_P4_4_CCTACACCAACAACCT	3-M-9	Bladder		M
Internal	10X_P4_4	10X_P4_4_CCTACACCATTTGCTT	3-M-9	Bladder		M
Internal	10X_P4_4	10X_P4_4_CCTACACTCTGGTGTA	3-M-9	Bladder		M
Internal	10X_P4_4	10X_P4_4_CCTACCAAGACCTAGG	3-M-9	Bladder		M
Internal	10X_P4_4	10X_P4_4_CCTACCAAGTCGTTTG	3-M-9	Bladder		M
Internal	10X_P4_4	10X_P4_4_CCTAGCTAGAAACCGC	3-M-9	Bladder		M
Internal	10X_P4_4	10X_P4_4_CCTAGCTAGCTCCTTC	3-M-9	Bladder		M
Internal	10X_P4_4	10X_P4_4_CCTAGCTAGTAATCCC	3-M-9	Bladder		M
Internal	10X_P4_4	10X_P4_4_CCTAGCTCAACACCTA	3-M-9	Bladder		M
Internal	10X_P4_4	10X_P4_4_CCTAGCTCAGGTTTCA	3-M-9	Bladder		M
Internal	10X_P4_4	10X_P4_4_CCTAGCTCAGTAACGG	3-M-9	Bladder		M
Internal	10X_P4_4	10X_P4_4_CCTAGCTCAGTAAGCG	3-M-9	Bladder		M
Internal	10X_P4_4	10X_P4_4_CCTAGCTTCATAAAGG	3-M-9	Bladder		M
Internal	10X_P4_4	10X_P4_4_CCTATTACAATGTTGC	3-M-9	Bladder		M
Internal	10X_P4_4	10X_P4_4_CCTCAGTAGTGCCAGA	3-M-9	Bladder		M
Internal	10X_P4_4	10X_P4_4_CCTCAGTCAGTCGTGC	3-M-9	Bladder		M
Internal	10X_P4_4	10X_P4_4_CCTCAGTGTTCGTTGA	3-M-9	Bladder		M
Internal	10X_P4_4	10X_P4_4_CCTCTGAAGACTACAA	3-M-9	Bladder		M
Internal	10X_P4_4	10X_P4_4_CCTCTGAGTATAAACG	3-M-9	Bladder		M
Internal	10X_P4_4	10X_P4_4_CCTTACGAGACAGACC	3-M-9	Bladder		M
Internal	10X_P4_4	10X_P4_4_CCTTACGAGATCCGAG	3-M-9	Bladder		M
Internal	10X_P4_4	10X_P4_4_CCTTACGCAAACGTGG	3-M-9	Bladder		M
Internal	10X_P4_4	10X_P4_4_CCTTACGCATCACCCT	3-M-9	Bladder		M
Internal	10X_P4_4	10X_P4_4_CCTTACGGTCAGAAGC	3-M-9	Bladder		M
Internal	10X_P4_4	10X_P4_4_CCTTACGTCAGCTTAG	3-M-9	Bladder		M
Internal	10X_P4_4	10X_P4_4_CCTTACGTCGGCGGTT	3-M-9	Bladder		M
Internal	10X_P4_4	10X_P4_4_CCTTCCCAGCGATTCT	3-M-9	Bladder		M
Internal	10X_P4_4	10X_P4_4_CCTTCCCCACATAACC	3-M-9	Bladder		M
Internal	10X_P4_4	10X_P4_4_CCTTCCCCACTTAACG	3-M-9	Bladder		M
Internal	10X_P4_4	10X_P4_4_CCTTCCCGTAAGAGGA	3-M-9	Bladder		M
Internal	10X_P4_4	10X_P4_4_CCTTCCCGTCATATGC	3-M-9	Bladder		M
Internal	10X_P4_4	10X_P4_4_CCTTCGAAGCGATATA	3-M-9	Bladder		M
Internal	10X_P4_4	10X_P4_4_CCTTCGAGTGTCAATC	3-M-9	Bladder		M
Internal	10X_P4_4	10X_P4_4_CCTTCGATCGTTGCCT	3-M-9	Bladder		M
Internal	10X_P4_4	10X_P4_4_CCTTTCTCACCAGGCT	3-M-9	Bladder		M
Internal	10X_P4_4	10X_P4_4_CCTTTCTCATTGCGGC	3-M-9	Bladder		M
Internal	10X_P4_4	10X_P4_4_CCTTTCTTCAAGCCTA	3-M-9	Bladder		M
Internal	10X_P4_4	10X_P4_4_CCTTTCTTCCCTTGCA	3-M-9	Bladder		M
Internal	10X_P4_4	10X_P4_4_CCTTTCTTCTATCCCG	3-M-9	Bladder		M
Internal	10X_P4_4	10X_P4_4_CGAACATCATCGTCGG	3-M-9	Bladder		M
Internal	10X_P4_4	10X_P4_4_CGAACATGTACTCAAC	3-M-9	Bladder		M
Internal	10X_P4_4	10X_P4_4_CGAACATTCCTTTCTC	3-M-9	Bladder		M
Internal	10X_P4_4	10X_P4_4_CGAATGTAGACATAAC	3-M-9	Bladder		M
Internal	10X_P4_4	10X_P4_4_CGAATGTCAGTCAGAG	3-M-9	Bladder		M
Internal	10X_P4_4	10X_P4_4_CGAATGTGTAGTAGTA	3-M-9	Bladder		M
Internal	10X_P4_4	10X_P4_4_CGACCTTGTACTTGAC	3-M-9	Bladder		M
Internal	10X_P4_4	10X_P4_4_CGACCTTTCGCCCTTA	3-M-9	Bladder		M
Internal	10X_P4_4	10X_P4_4_CGACTTCGTGTTGAGG	3-M-9	Bladder		M
Internal	10X_P4_4	10X_P4_4_CGAGAAGAGACAGGCT	3-M-9	Bladder		M
Internal	10X_P4_4	10X_P4_4_CGAGAAGCACGGCCAT	3-M-9	Bladder		M
Internal	10X_P4_4	10X_P4_4_CGAGAAGTCACCTTAT	3-M-9	Bladder		M
Internal	10X_P4_4	10X_P4_4_CGAGCACAGTAGGCCA	3-M-9	Bladder		M
Internal	10X_P4_4	10X_P4_4_CGAGCACGTACATGTC	3-M-9	Bladder		M
Internal	10X_P4_4	10X_P4_4_CGAGCACGTCTTTCAT	3-M-9	Bladder		M
Internal	10X_P4_4	10X_P4_4_CGAGCACGTGTCCTCT	3-M-9	Bladder		M
Internal	10X_P4_4	10X_P4_4_CGAGCACGTTAAGTAG	3-M-9	Bladder		M
Internal	10X_P4_4	10X_P4_4_CGAGCACTCCAGTAGT	3-M-9	Bladder		M
Internal	10X_P4_4	10X_P4_4_CGAGCACTCTGCTTGC	3-M-9	Bladder		M
Internal	10X_P4_4	10X_P4_4_CGAGCCACATATGAGA	3-M-9	Bladder		M
Internal	10X_P4_4	10X_P4_4_CGAGCCACATTAGCCA	3-M-9	Bladder		M
Internal	10X_P4_4	10X_P4_4_CGATCGGAGTGGAGTC	3-M-9	Bladder		M
Internal	10X_P4_4	10X_P4_4_CGATCGGCATGGTCAT	3-M-9	Bladder		M
Internal	10X_P4_4	10X_P4_4_CGATGGCAGAGCCTAG	3-M-9	Bladder		M
Internal	10X_P4_4	10X_P4_4_CGATGGCGTACTCTCC	3-M-9	Bladder		M
Internal	10X_P4_4	10X_P4_4_CGATGGCGTAGAAAGG	3-M-9	Bladder		M
Internal	10X_P4_4	10X_P4_4_CGATGGCTCAGCCTAA	3-M-9	Bladder		M
Internal	10X_P4_4	10X_P4_4_CGATGGCTCTCACATT	3-M-9	Bladder		M
Internal	10X_P4_4	10X_P4_4_CGATGTATCGTCACGG	3-M-9	Bladder		M
Internal	10X_P4_4	10X_P4_4_CGATTGATCGCCTGAG	3-M-9	Bladder		M
Internal	10X_P4_4	10X_P4_4_CGCCAAGCACCCTATC	3-M-9	Bladder		M
Internal	10X_P4_4	10X_P4_4_CGCCAAGTCACCATAG	3-M-9	Bladder		M
Internal	10X_P4_4	10X_P4_4_CGCGGTACAGAAGCAC	3-M-9	Bladder		M
Internal	10X_P4_4	10X_P4_4_CGCGGTACAGCCTGTG	3-M-9	Bladder		M
Internal	10X_P4_4	10X_P4_4_CGCGGTATCCCAAGTA	3-M-9	Bladder		M
Internal	10X_P4_4	10X_P4_4_CGCGTTTAGTAAGTAC	3-M-9	Bladder		M
Internal	10X_P4_4	10X_P4_4_CGCGTTTAGTACTTGC	3-M-9	Bladder		M
Internal	10X_P4_4	10X_P4_4_CGCGTTTCACCTCGGA	3-M-9	Bladder		M
Internal	10X_P4_4	10X_P4_4_CGCGTTTTCTCTGAGA	3-M-9	Bladder		M
Internal	10X_P4_4	10X_P4_4_CGCTATCAGAACAACT	3-M-9	Bladder		M
Internal	10X_P4_4	10X_P4_4_CGCTATCAGGCGCTCT	3-M-9	Bladder		M
Internal	10X_P4_4	10X_P4_4_CGCTATCCAGGAACGT	3-M-9	Bladder		M
Internal	10X_P4_4	10X_P4_4_CGCTATCGTCTCTTAT	3-M-9	Bladder		M
Internal	10X_P4_4	10X_P4_4_CGCTATCTCCATGCTC	3-M-9	Bladder		M
Internal	10X_P4_4	10X_P4_4_CGCTATCTCCTAGGGC	3-M-9	Bladder		M
Internal	10X_P4_4	10X_P4_4_CGCTATCTCTTGTACT	3-M-9	Bladder		M
Internal	10X_P4_4	10X_P4_4_CGCTGGAGTTTGTGTG	3-M-9	Bladder		M
Internal	10X_P4_4	10X_P4_4_CGCTGGATCAAACGGG	3-M-9	Bladder		M
Internal	10X_P4_4	10X_P4_4_CGCTGGATCGGCGCTA	3-M-9	Bladder		M
Internal	10X_P4_4	10X_P4_4_CGCTGGATCTCATTCA	3-M-9	Bladder		M
Internal	10X_P4_4	10X_P4_4_CGCTTCATCATGTGGT	3-M-9	Bladder		M
Internal	10X_P4_4	10X_P4_4_CGGACACAGCCCAGCT	3-M-9	Bladder		M
Internal	10X_P4_4	10X_P4_4_CGGACACAGGGCACTA	3-M-9	Bladder		M
Internal	10X_P4_4	10X_P4_4_CGGACACCACTACAGT	3-M-9	Bladder		M
Internal	10X_P4_4	10X_P4_4_CGGACACCAGCTTAAC	3-M-9	Bladder		M
Internal	10X_P4_4	10X_P4_4_CGGACACGTTTGGCGC	3-M-9	Bladder		M
Internal	10X_P4_4	10X_P4_4_CGGACGTAGGAGTCTG	3-M-9	Bladder		M
Internal	10X_P4_4	10X_P4_4_CGGACGTAGGAGTTGC	3-M-9	Bladder		M
Internal	10X_P4_4	10X_P4_4_CGGACGTCAGTATCTG	3-M-9	Bladder		M
Internal	10X_P4_4	10X_P4_4_CGGACGTGTCATCCCT	3-M-9	Bladder		M
Internal	10X_P4_4	10X_P4_4_CGGACGTGTCTCCCTA	3-M-9	Bladder		M
Internal	10X_P4_4	10X_P4_4_CGGACGTGTTCGCTAA	3-M-9	Bladder		M
Internal	10X_P4_4	10X_P4_4_CGGACGTGTTTGACAC	3-M-9	Bladder		M
Internal	10X_P4_4	10X_P4_4_CGGACTGAGCCTATGT	3-M-9	Bladder		M
Internal	10X_P4_4	10X_P4_4_CGGACTGGTGCACGAA	3-M-9	Bladder		M
Internal	10X_P4_4	10X_P4_4_CGGAGTCAGTACGACG	3-M-9	Bladder		M
Internal	10X_P4_4	10X_P4_4_CGGAGTCGTAAACACA	3-M-9	Bladder		M
Internal	10X_P4_4	10X_P4_4_CGGAGTCGTCTCCATC	3-M-9	Bladder		M
Internal	10X_P4_4	10X_P4_4_CGGAGTCGTTGTCGCG	3-M-9	Bladder		M
Internal	10X_P4_4	10X_P4_4_CGGAGTCTCACCAGGC	3-M-9	Bladder		M
Internal	10X_P4_4	10X_P4_4_CGGGTCACACCAGCAC	3-M-9	Bladder		M
Internal	10X_P4_4	10X_P4_4_CGGGTCACACGAAGCA	3-M-9	Bladder		M
Internal	10X_P4_4	10X_P4_4_CGGGTCACAGACGCTC	3-M-9	Bladder		M
Internal	10X_P4_4	10X_P4_4_CGGGTCACATCACGAT	3-M-9	Bladder		M
Internal	10X_P4_4	10X_P4_4_CGGGTCACATTCACTT	3-M-9	Bladder		M
Internal	10X_P4_4	10X_P4_4_CGGGTCAGTTCGGCAC	3-M-9	Bladder		M
Internal	10X_P4_4	10X_P4_4_CGGTTAAAGTCACGCC	3-M-9	Bladder		M
Internal	10X_P4_4	10X_P4_4_CGGTTAACACGGTAAG	3-M-9	Bladder		M
Internal	10X_P4_4	10X_P4_4_CGGTTAAGTCGGATCC	3-M-9	Bladder		M
Internal	10X_P4_4	10X_P4_4_CGGTTAATCCGCATCT	3-M-9	Bladder		M
Internal	10X_P4_4	10X_P4_4_CGGTTAATCTCATTCA	3-M-9	Bladder		M
Internal	10X_P4_4	10X_P4_4_CGTAGCGGTACTTAGC	3-M-9	Bladder		M
Internal	10X_P4_4	10X_P4_4_CGTAGCGGTAGCGATG	3-M-9	Bladder		M
Internal	10X_P4_4	10X_P4_4_CGTAGCGGTGCACGAA	3-M-9	Bladder		M
Internal	10X_P4_4	10X_P4_4_CGTAGCGTCAATCACG	3-M-9	Bladder		M
Internal	10X_P4_4	10X_P4_4_CGTAGCGTCACCCGAG	3-M-9	Bladder		M
Internal	10X_P4_4	10X_P4_4_CGTAGGCCAAAGAATC	3-M-9	Bladder		M
Internal	10X_P4_4	10X_P4_4_CGTAGGCCACGGCTAC	3-M-9	Bladder		M
Internal	10X_P4_4	10X_P4_4_CGTCACTAGTACTTGC	3-M-9	Bladder		M
Internal	10X_P4_4	10X_P4_4_CGTCACTGTGGTCTCG	3-M-9	Bladder		M
Internal	10X_P4_4	10X_P4_4_CGTCACTTCCACGTTC	3-M-9	Bladder		M
Internal	10X_P4_4	10X_P4_4_CGTCAGGCATACGCTA	3-M-9	Bladder		M
Internal	10X_P4_4	10X_P4_4_CGTCAGGCATCACCCT	3-M-9	Bladder		M
Internal	10X_P4_4	10X_P4_4_CGTCAGGGTCACACGC	3-M-9	Bladder		M
Internal	10X_P4_4	10X_P4_4_CGTCCATAGTGTCCAT	3-M-9	Bladder		M
Internal	10X_P4_4	10X_P4_4_CGTCCATCATAACCTG	3-M-9	Bladder		M
Internal	10X_P4_4	10X_P4_4_CGTCCATGTTGACGTT	3-M-9	Bladder		M
Internal	10X_P4_4	10X_P4_4_CGTCCATTCCAAGCCG	3-M-9	Bladder		M
Internal	10X_P4_4	10X_P4_4_CGTCTACAGGCTACGA	3-M-9	Bladder		M
Internal	10X_P4_4	10X_P4_4_CGTCTACAGTTAACGA	3-M-9	Bladder		M
Internal	10X_P4_4	10X_P4_4_CGTCTACGTCGCTTCT	3-M-9	Bladder		M
Internal	10X_P4_4	10X_P4_4_CGTCTACTCGCATGAT	3-M-9	Bladder		M
Internal	10X_P4_4	10X_P4_4_CGTGAGCCAAGGACAC	3-M-9	Bladder		M
Internal	10X_P4_4	10X_P4_4_CGTGAGCCATCATCCC	3-M-9	Bladder		M
Internal	10X_P4_4	10X_P4_4_CGTGAGCTCACATAGC	3-M-9	Bladder		M
Internal	10X_P4_4	10X_P4_4_CGTGTAACAAACTGTC	3-M-9	Bladder		M
Internal	10X_P4_4	10X_P4_4_CGTGTCTAGATGTCGG	3-M-9	Bladder		M
Internal	10X_P4_4	10X_P4_4_CGTGTCTTCTTCTGGC	3-M-9	Bladder		M
Internal	10X_P4_4	10X_P4_4_CGTTAGACAAGTAATG	3-M-9	Bladder		M
Internal	10X_P4_4	10X_P4_4_CGTTAGATCCAGTATG	3-M-9	Bladder		M
Internal	10X_P4_4	10X_P4_4_CGTTAGATCGTTACAG	3-M-9	Bladder		M
Internal	10X_P4_4	10X_P4_4_CGTTAGATCTAACTGG	3-M-9	Bladder		M
Internal	10X_P4_4	10X_P4_4_CGTTAGATCTGTCAAG	3-M-9	Bladder		M
Internal	10X_P4_4	10X_P4_4_CGTTCTGCACCACCAG	3-M-9	Bladder		M
Internal	10X_P4_4	10X_P4_4_CGTTCTGCACCCTATC	3-M-9	Bladder		M
Internal	10X_P4_4	10X_P4_4_CGTTCTGCAGTATGCT	3-M-9	Bladder		M
Internal	10X_P4_4	10X_P4_4_CGTTCTGCATGATCCA	3-M-9	Bladder		M
Internal	10X_P4_4	10X_P4_4_CGTTCTGGTCCAACTA	3-M-9	Bladder		M
Internal	10X_P4_4	10X_P4_4_CGTTGGGAGCCACGTC	3-M-9	Bladder		M
Internal	10X_P4_4	10X_P4_4_CGTTGGGAGCTGATAA	3-M-9	Bladder		M
Internal	10X_P4_4	10X_P4_4_CGTTGGGCATCGGACC	3-M-9	Bladder		M
Internal	10X_P4_4	10X_P4_4_CTAACTTTCCGTCAAA	3-M-9	Bladder		M
Internal	10X_P4_4	10X_P4_4_CTAACTTTCTAACGGT	3-M-9	Bladder		M
Internal	10X_P4_4	10X_P4_4_CTAAGACAGTGTCTCA	3-M-9	Bladder		M
Internal	10X_P4_4	10X_P4_4_CTAAGACGTGACAAAT	3-M-9	Bladder		M
Internal	10X_P4_4	10X_P4_4_CTAAGACGTGCAACGA	3-M-9	Bladder		M
Internal	10X_P4_4	10X_P4_4_CTAAGACTCACAATGC	3-M-9	Bladder		M
Internal	10X_P4_4	10X_P4_4_CTAATGGGTAGCTAAA	3-M-9	Bladder		M
Internal	10X_P4_4	10X_P4_4_CTACACCCACGAGGTA	3-M-9	Bladder		M
Internal	10X_P4_4	10X_P4_4_CTACACCGTTACGACT	3-M-9	Bladder		M
Internal	10X_P4_4	10X_P4_4_CTACACCTCCCGGATG	3-M-9	Bladder		M
Internal	10X_P4_4	10X_P4_4_CTACACCTCGAGAGCA	3-M-9	Bladder		M
Internal	10X_P4_4	10X_P4_4_CTACATTAGCCCAACC	3-M-9	Bladder		M
Internal	10X_P4_4	10X_P4_4_CTACATTCAGTACACT	3-M-9	Bladder		M
Internal	10X_P4_4	10X_P4_4_CTACATTTCTGTCCGT	3-M-9	Bladder		M
Internal	10X_P4_4	10X_P4_4_CTACCCAAGACTCGGA	3-M-9	Bladder		M
Internal	10X_P4_4	10X_P4_4_CTACCCATCACCACCT	3-M-9	Bladder		M
Internal	10X_P4_4	10X_P4_4_CTACCCATCTAACTCT	3-M-9	Bladder		M
Internal	10X_P4_4	10X_P4_4_CTACGTCCAGTCAGCC	3-M-9	Bladder		M
Internal	10X_P4_4	10X_P4_4_CTACGTCCATCACCCT	3-M-9	Bladder		M
Internal	10X_P4_4	10X_P4_4_CTACGTCGTCCGAGTC	3-M-9	Bladder		M
Internal	10X_P4_4	10X_P4_4_CTAGAGTAGCTGCGAA	3-M-9	Bladder		M
Internal	10X_P4_4	10X_P4_4_CTAGAGTCAATTCCTT	3-M-9	Bladder		M
Internal	10X_P4_4	10X_P4_4_CTAGAGTCACGGTTTA	3-M-9	Bladder		M
Internal	10X_P4_4	10X_P4_4_CTAGAGTTCATCGATG	3-M-9	Bladder		M
Internal	10X_P4_4	10X_P4_4_CTAGAGTTCTTTAGGG	3-M-9	Bladder		M
Internal	10X_P4_4	10X_P4_4_CTAGCCTGTTTGTTGG	3-M-9	Bladder		M
Internal	10X_P4_4	10X_P4_4_CTAGCCTTCTCCCTGA	3-M-9	Bladder		M
Internal	10X_P4_4	10X_P4_4_CTAGTGAAGCCGCCTA	3-M-9	Bladder		M
Internal	10X_P4_4	10X_P4_4_CTAGTGACAGCAGTTT	3-M-9	Bladder		M
Internal	10X_P4_4	10X_P4_4_CTAGTGAGTAGAGTGC	3-M-9	Bladder		M
Internal	10X_P4_4	10X_P4_4_CTCACACGTATGAAAC	3-M-9	Bladder		M
Internal	10X_P4_4	10X_P4_4_CTCACACTCCCTAATT	3-M-9	Bladder		M
Internal	10X_P4_4	10X_P4_4_CTCACACTCGCCATAA	3-M-9	Bladder		M
Internal	10X_P4_4	10X_P4_4_CTCACACTCTTCCTTC	3-M-9	Bladder		M
Internal	10X_P4_4	10X_P4_4_CTCAGAACACCGAATT	3-M-9	Bladder		M
Internal	10X_P4_4	10X_P4_4_CTCAGAAGTAAACACA	3-M-9	Bladder		M
Internal	10X_P4_4	10X_P4_4_CTCAGAAGTCAAGCGA	3-M-9	Bladder		M
Internal	10X_P4_4	10X_P4_4_CTCAGAAGTCATTAGC	3-M-9	Bladder		M
Internal	10X_P4_4	10X_P4_4_CTCAGAATCAGCAACT	3-M-9	Bladder		M
Internal	10X_P4_4	10X_P4_4_CTCATTAAGATAGGAG	3-M-9	Bladder		M
Internal	10X_P4_4	10X_P4_4_CTCATTATCATAACCG	3-M-9	Bladder		M
Internal	10X_P4_4	10X_P4_4_CTCCTAGAGAGTACAT	3-M-9	Bladder		M
Internal	10X_P4_4	10X_P4_4_CTCCTAGCAAGTACCT	3-M-9	Bladder		M
Internal	10X_P4_4	10X_P4_4_CTCCTAGCAGATTGCT	3-M-9	Bladder		M
